name,source,gender,wikidata,type
"Ђуке Динић",wikidata,F,Q4161934,way
"Ђурђевке Чакаревић",wikidata,F,Q12747527,way
"Јелене Ћетковић",wikidata,F,Q6663953,way
"Јелене Анжујске",wikidata,F,Q267773,way
"Јелене Генчић",wikidata,F,Q5657279,way
"Јелене Шаулић Бојовић",wikidata,F,Q31181396,way
"Јелисавете Андрејевић",wikidata,F,Q4065567,way
"Јелисавете Дојкић",wikidata,F,Q61126429,way
"Јелисавете Начић",wikidata,F,Q3176891,way
Јефимијина,wikidata,F,Q457889,way
"Јованке Радаковић",wikidata,F,Q12747783,way
"Љиљане Жикић",wikidata,F,Q63983378,way
"Љиљане Контић",wikidata,F,Q12747892,way
"Љиљане Крстић",wikidata,F,Q12958192,way
"Љубинке Бобић",wikidata,F,Q1565338,way
"Љубице Јанковић",wikidata,F,Q16098315,way
"Љубице Ивошевић-Димитров",wikidata,F,Q12285328,way
"Љубице Ковић",wikidata,F,Q11121110,way
"Љубице Луковић",wikidata,F,Q26978755,way
"Љубице Чакаревић",wikidata,F,Q20438411,way
"Агате Кристи",wikidata,F,Q35064,way
"Амелије Ерхарт",wikidata,F,Q3355,way
"Ане Ахматове",wikidata,F,Q80440,way
"Ане Бешлић",wikidata,F,Q4750323,way
"Ане Глинскаје Јакшић",wikidata,F,Q3657479,way
"Ане Франк",wikidata,F,Q4583,way
"Анете Андрејевић",wikidata,F,Q4065567,way
"Анице Савић-Ребац",wikidata,F,Q9154657,way
"Анке Матић",wikidata,F,Q4284838,way
"Антоније Јаворник",wikidata,F,Q18502378,way
"Баба Вишњина",wikidata,F,Q7485268,way
"Беле Рохел Фрајнд",wikidata,F,Q299982,way
"Бете Вукановић",wikidata,F,Q4897288,way
"Биљане Јовановић",wikidata,F,Q42685927,way
"Благе Марије",wikidata,F,Q63070,way
"Босе Милићевић",wikidata,F,Q422562,way
"Босе Ранковић",wikidata,F,Q31181582,way
"Босе Цветић",wikidata,F,Q1567317,way
"Василије Радојчић",wikidata,F,Q11215801,way
"Веле Нигринове",wikidata,F,Q12805329,way
"Вере Дедовић",wikidata,F,Q12747346,way
"Вере Мишчевић",wikidata,F,Q11232827,way
"Виде Јоцић",wikidata,F,Q12749732,way
"Виде Павловић",wikidata,F,Q14564390,way
"Вирџиније Вулф",wikidata,F,Q40909,way
"Вукице Митровић",wikidata,F,Q1564482,way
"Гите Предић Нушић",wikidata,F,Q43227065,way
"Гордане Косановић",wikidata,F,Q16380623,way
"Данице Јовановић",wikidata,F,Q16081050,way
"Данице Којић",wikidata,F,Q61128548,way
"Даринке Јеврић",wikidata,F,Q16082814,way
"Даринке Боровић",wikidata,F,Q31182329,way
"Даринке Радовић",wikidata,F,Q12956732,way
"Дарје Коропкине",wikidata,F,Q31182328,way
"Делфе Ивањић",wikidata,F,Q12750769,way
"Десанке Максимовић",wikidata,F,Q1280792,way
"Диане Будисављевић",wikidata,F,Q112443,way
"Докторке Драгиње Бабић",wikidata,F,Q12751134,way
"Дорис Лесинг",wikidata,F,Q40874,way
"Др Драге Љочић",wikidata,F,Q4963260,way
"Драге Гавриловић",wikidata,F,Q31181207,way
"Драге Дејановић",wikidata,F,Q19629438,way
"Драге Спасић",wikidata,F,Q16082672,way
"Драгице Кончар",wikidata,F,Q3446958,way
"Драгиње Адамовић",wikidata,F,Q3510693,way
"Душице Спасић",wikidata,F,Q12745108,way
"Евелин Хаверфилд",wikidata,F,Q1381661,way
"Емилије Јакшић",wikidata,F,Q12751560,way
"Жанке Стокић",wikidata,F,Q1562349,way
"Живке Матић",wikidata,F,Q16084383,way
"Заге Маливук",wikidata,F,Q4140683,way
"Заге Маливук улица 2.",wikidata,F,Q4140683,way
"Заге Маливук улица 3.",wikidata,F,Q4140683,way
"Заге Маливук улица 4.",wikidata,F,Q4140683,way
"Западно селиште",wikidata,F,Q6729570,way
"Зоре Дремпетић",wikidata,F,Q61125469,way
"Зоре Петровић",wikidata,F,Q8074304,way
"Зорице Божовић",wikidata,F,Q33083320,way
"Иванке Муачевић",wikidata,F,Q12752152,way
"Иде Брановачки",wikidata,F,Q12752178,way
"Исидоре Секулић",wikidata,F,Q1279865,way
"Ите Рине",wikidata,F,Q451945,way
"Катарине Јовановић",wikidata,F,Q61122959,way
"Катарине Амброзић",wikidata,F,Q19916044,way
"Катарине Богдановић",wikidata,F,Q20435083,way
"Катарине Ивановић",wikidata,F,Q752085,way
"Катарине Миловук",wikidata,F,Q16084607,way
"Кетрин Макфејл",wikidata,F,Q60571490,way
"Кларе Цеткин",wikidata,F,Q75823,way
"Кнегиње Јулије",wikidata,F,Q2330944,way
"Кнегиње Љубице",wikidata,F,Q1272779,way
"Кнегиње Анастасије",wikidata,F,Q151130,way
"Кнегиње Зорке",wikidata,F,Q226738,way
"Косаре Цветковић",wikidata,F,Q28807052,way
"Краљице Јелене",wikidata,F,Q267773,way
"Краљице Ане",wikidata,F,Q468663,way
"Краљице Драге Обреновић",wikidata,F,Q255820,way
"Краљице Катарине",wikidata,F,Q452680,way
"Краљице Марије",wikidata,F,Q167387,way
"Краљице Наталије",wikidata,F,Q263949,way
"Ксеније Јовановић",wikidata,F,Q12754292,way
"Ксеније Атанасијевић",wikidata,F,Q1255843,way
"Ксеније Мартинов",wikidata,F,Q31185498,way
"Леди Пеџет",wikidata,F,Q6688893,way
"Ленке Рабасовић",wikidata,F,Q31181564,way
"Лепе Стаменковић",wikidata,F,Q12754513,way
"Лоле Новаковић",wikidata,F,Q452792,way
"Маге Магазиновић",wikidata,F,Q6729570,way
"Малвине Хофман",wikidata,F,Q3844044,way
"Маре Таборске",wikidata,F,Q21548327,way
"Марине Кољубајеве",wikidata,F,Q12754905,way
"Маријане Грегоран",wikidata,F,Q12754936,way
"Маријане Грегоран први пролаз",wikidata,F,Q12754936,way
"Марије Бурсаћ",wikidata,F,Q452668,way
"Марије Зиболд",wikidata,F,Q31182049,way
"Марије Калас",wikidata,F,Q128297,way
"Марије Црнобори",wikidata,F,Q11138528,way
"Маје Димитријевић",wikidata,F,Q31183983,way
"Маје Чучковић Драшкић",wikidata,F,Q29298063,way
"Мајке Јевросиме",wikidata,F,Q61129067,way
"Мајке Ангелине",wikidata,F,Q447704,way
"Мајке Кујунџић",wikidata,F,Q31183655,way
"Миланке Кљајић",wikidata,F,Q4224543,way
"Миле Димитријевић",wikidata,F,Q12636871,way
"Милеве Марић Ајнштајн",wikidata,F,Q76346,way
"Милене Павловић Барили",wikidata,F,Q447732,way
"Милице Јанковић",wikidata,F,Q292905,way
"Милице Миљанов",wikidata,F,Q31181392,way
"Милице Ракић",wikidata,F,Q12037415,way
"Милице Српкиње",wikidata,F,Q1254483,way
"Милице Хребељановић",wikidata,F,Q439595,way
"Милице Шуваковић",wikidata,F,Q4180417,way
"Милке Боснић",wikidata,F,Q1563680,way
"Милке Гргурове",wikidata,F,Q11142838,way
"Милке Лукић",wikidata,F,Q31184996,way
"Милунке Савић",wikidata,F,Q6861607,way
"Мине Вукомановић",wikidata,F,Q12286799,way
"Мине Караџић",wikidata,F,Q12286799,way
"Мирјане Коџић",wikidata,F,Q12755582,way
"Мис Ирбијеве",wikidata,F,Q7154941,way
"Наде Димић",wikidata,F,Q1288702,way
"Наде Наумовић",wikidata,F,Q401268,way
"Наде Пурић",wikidata,F,Q12755952,way
"Наде Пурић прилаз први",wikidata,F,Q12755952,way
"Надежде Петровић",wikidata,F,Q264453,way
"Наке Спасић",wikidata,F,Q61126076,way
"Наталије Бјелајац",wikidata,F,Q18502378,way
"Наталије Мунк",wikidata,F,Q31181555,way
"Невенке Урбанове",wikidata,F,Q1566393,way
"Неде Спасојевић",wikidata,F,Q13599853,way
"Нине Кирсанове",wikidata,F,Q15111354,way
"Олге Јеврић",wikidata,F,Q7086586,way
"Олге Јовичић",wikidata,F,Q4205868,way
"Олге Ивановић",wikidata,F,Q12756501,way
"Олге Петров",wikidata,F,Q12756494,way
"Олге Спиридоновић",wikidata,F,Q1562697,way
"Олив Кинг",wikidata,F,Q7087168,way
"Оливере Марковић",wikidata,F,Q299979,way
"Оље Ивањицки",wikidata,F,Q461046,way
"Персиде Миленковић",wikidata,F,Q954994,way
"Полексије Тодоровић",wikidata,F,Q28806164,way
"Принцезе Оливере",wikidata,F,Q458610,way
"Радмиле Савићевић",wikidata,F,Q2444244,way
"Радојке Лакић",wikidata,F,Q2160017,way
"Ребеке Вест",wikidata,F,Q236669,way
"Розалин Френклин",wikidata,F,Q7474,way
"Розе Луксембург",wikidata,F,Q7231,way
"Руже Јовановић",wikidata,F,Q33093331,way
"Светлане Велмар Јанковић",wikidata,F,Q385880,way
"Сестара Јанковић",wikidata,F,Q31183660,way
Симонидина,wikidata,F,Q469013,way
"Сквер Мире Траиловић",wikidata,F,Q1257130,way
"Славке Јеринић",wikidata,F,Q12758919,way
"Славке Томић",wikidata,F,Q31181542,way
"Слободанке Данке Савић",wikidata,F,Q25460429,way
"Слободе Трајковић",wikidata,F,Q12758948,way
"Снежане Хрепевник",wikidata,F,Q9011390,way
"Соње Савић",wikidata,F,Q469494,way
"Спасеније Пате Марковић",wikidata,F,Q61129660,way
"Станиславе Пешић",wikidata,F,Q12960006,way
"Томаније Обреновић",wikidata,F,Q12760124,way
"Усније Реџепове",wikidata,F,Q12760410,way
"Учитељице Леонтине Краус",wikidata,F,Q16084754,way
"Учитељице Милице Јанковић",wikidata,F,Q292905,way
"Флоре Сендс",wikidata,F,Q12760643,way
"Царице Јелене",wikidata,F,Q2655693,way
"Царице Милице",wikidata,F,Q439595,way
"Цвијете Зузорић",wikidata,F,Q1272744,way
"Цице Калушевић",wikidata,F,Q18697153,way
"Чучук Станина",wikidata,F,Q6591597,way
"Ђакона Авакума",wikidata,M,Q16081224,way
"Ђанга Рајнхарта",wikidata,M,Q44122,way
"Ђока Војводића",wikidata,M,Q61130230,way
"Ђока Ковачевића",wikidata,M,Q12747474,way
"Ђока Павићевића",wikidata,M,Q112493,way
"Ђорђа Јовановића",wikidata,M,Q1557986,way
"Ђорђа Андрејевића - Куна",wikidata,M,Q1283347,way
"Ђорђа Вајферта",wikidata,M,Q216003,way
"Ђорђа Илића",wikidata,M,Q12747486,way
"Ђорђа Кратовца",wikidata,M,Q3406940,way
"Ђорђа Крстића",wikidata,M,Q3593877,way
"Ђорђа Лобачева",wikidata,M,Q12747490,way
"Ђорђа Несторовића",wikidata,M,Q16083265,way
"Ђорђа Нешића",wikidata,M,Q25468919,way
"Ђорђа Станојевића",wikidata,M,Q16081318,way
"Ђорђа Тасића",wikidata,M,Q15473745,way
"Ђорђа Шагића",wikidata,M,Q3101567,way
"Ђузепеа Манцинија",wikidata,M,Q187336,way
"Ђура Ђапића",wikidata,M,Q12646038,way
"Ђуре Јакшића",wikidata,M,Q342124,way
"Ђуре Гавеле",wikidata,M,Q12747520,way
"Ђуре Даничића",wikidata,M,Q342145,way
"Ђуре Курепе",wikidata,M,Q1288394,way
"Ђурићев пролаз",wikidata,M,Q12755602,way
"Ђурђа Балшића",wikidata,M,Q2592835,way
Ђушина,wikidata,M,Q16083207,way
"Јакова Хлипчијева",wikidata,M,Q12747564,way
Јакшићева,wikidata,M,Q342124,way
"Јана Колара",wikidata,M,Q220550,way
"Јанка Јанковића",wikidata,M,Q12747581,way
"Јанка Брашића",wikidata,M,Q3162038,way
"Јанка Веселиновића",wikidata,M,Q713652,way
"Јанка Катића",wikidata,M,Q6154840,way
"Јанка Мишића",wikidata,M,Q1565289,way
"Јанка Поповића",wikidata,M,Q16086386,way
"Јанковић Стојана",wikidata,M,Q7618393,way
"Јарослава Чермака",wikidata,M,Q715879,way
"Јарослава Черног",wikidata,M,Q12747595,way
"Јаше Игњатовића",wikidata,M,Q570913,way
"Јаше Продановића",wikidata,M,Q14867564,way
"Јеврема Грујића",wikidata,M,Q12747630,way
Јенкеова,wikidata,M,Q1178302,way
Јесењинова,wikidata,M,Q31628,way
Јиречекова,wikidata,M,Q700589,way
"Јоакима Вујића",wikidata,M,Q1269140,way
"Јоакима Раковца",wikidata,M,Q12747705,way
"Јована Јанићијевића Бурдуша",wikidata,M,Q12957753,way
"Јована Ћирилова",wikidata,M,Q1253475,way
"Јована Авакумовића",wikidata,M,Q2366709,way
"Јована Белића",wikidata,M,Q16083493,way
"Јована Бијелића",wikidata,M,Q1564741,way
"Јована Бошковића",wikidata,M,Q85990918,way
"Јована Бранковића",wikidata,M,Q1959796,way
"Јована Бранковића први део",wikidata,M,Q1959796,way
"Јована Глигоријевића",wikidata,M,Q12747725,way
"Јована Деретића",wikidata,M,Q12957749,way
"Јована Дучића",wikidata,M,Q302819,way
"Јована Ердељановића",wikidata,M,Q12747732,way
"Јована Жујовића",wikidata,M,Q1263184,way
"Јована Карамате",wikidata,M,Q691012,way
"Јована Мариновића",wikidata,M,Q16083011,way
"Јована Микића",wikidata,M,Q1264319,way
"Јована Миодраговића",wikidata,M,Q65196974,way
"Јована Мушкатировића",wikidata,M,Q1180092,way
"Јована Пачића",wikidata,M,Q543250,way
"Јована Поповића",wikidata,M,Q6296683,way
"Јована Рашковића",wikidata,M,Q1277011,way
"Јована Рајића",wikidata,M,Q2667903,way
"Јована Ристића",wikidata,M,Q391573,way
"Јована Ружића",wikidata,M,Q4399825,way
"Јована Стојсављевића",wikidata,M,Q12747766,way
"Јована Суботића",wikidata,M,Q6194671,way
"Јована Томића",wikidata,M,Q12747776,way
"Јована Туромана",wikidata,M,Q60032487,way
"Јована Туцакова",wikidata,M,Q12747772,way
"Јована Уроша Немањића",wikidata,M,Q888583,way
Јовијанова,wikidata,M,Q34074,way
"Јоже Плечника",wikidata,M,Q314886,way
"Јоза Лауренчића",wikidata,M,Q16380629,way
"Јозефа Јиричека",wikidata,M,Q700589,way
"Јорја Тадића",wikidata,M,Q12633711,way
"Јосипа Колумба",wikidata,M,Q1564945,way
"Јосипа Кулунџића",wikidata,M,Q61125201,way
"Јосипа Славенског",wikidata,M,Q1290225,way
"Јосифа Маринковића",wikidata,M,Q6117614,way
"Јосифа Татића",wikidata,M,Q299985,way
Југ-Богданова,wikidata,M,Q1399070,way
"Југа Гризеља",wikidata,M,Q12745602,way
"Јула Бринера",wikidata,M,Q102813,way
"Јуре Керошевића",wikidata,M,Q16081148,way
"Јурице Рибара",wikidata,M,Q12747866,way
"Јурија Гагарина",wikidata,M,Q7327,way
"Јурија Ракитина",wikidata,M,Q61364753,way
Љермонтовљева,wikidata,M,Q46599,way
"Љуба Вучковића",wikidata,M,Q1564122,way
"Љубана Једнака",wikidata,M,Q16083017,way
"Љубе Јовановића",wikidata,M,Q12747930,way
"Љубе Давидовића",wikidata,M,Q1285673,way
"Љубе Дидића",wikidata,M,Q16082599,way
"Љубе Ковачевића",wikidata,M,Q14506819,way
"Љубе Мољца",wikidata,M,Q11125857,way
"Љубе Недића",wikidata,M,Q6660968,way
"Љубе Тадића",wikidata,M,Q1249807,way
"Љубе Чупе",wikidata,M,Q7925012,way
"Љубе Шерцера",wikidata,M,Q4523237,way
"Љубе Шкиљевића",wikidata,M,Q31185438,way
"Љубише Јовановића",wikidata,M,Q11111422,way
"Љубише Баје Бачића",wikidata,M,Q11121803,way
"Љубише Миодраговића",wikidata,M,Q12747917,way
"Љубомира Јовановића",wikidata,M,Q12747930,way
"Љубомира Вукадиновића",wikidata,M,Q16081394,way
"Љубомира Живковића Шпанца",wikidata,M,Q25459351,way
"Љубомира Ивановића",wikidata,M,Q6432526,way
"Љубомира Ивковића-Шуце",wikidata,M,Q20435591,way
"Љубомира Стојановића",wikidata,M,Q2760240,way
Његошева,wikidata,M,Q362081,way
Ћипикова,wikidata,M,Q1276843,way
"Ћурчијина улица",wikidata,M,Q14849947,way
Ћустендилска,wikidata,M,Q470074,way
"Џесија Овенса",wikidata,M,Q52651,way
"Џона Кенедија",wikidata,M,Q9696,way
"Џона Фронтингхама",wikidata,M,Q61132326,way
"Џорџа Вашингтона",wikidata,M,Q23,way
"Џорџа Орвела",wikidata,M,Q3335,way
"Абебе Бикиле",wikidata,M,Q52596,way
"Аврама Винавера",wikidata,M,Q12748058,way
"Аврама Петронијевића",wikidata,M,Q2072752,way
"Адама Богосављевића",wikidata,M,Q12748085,way
"Адмирала Вуковића",wikidata,M,Q685032,way
"Адмирала Гепрата",wikidata,M,Q2983883,way
"Академика Михаила Марковића",wikidata,M,Q1286714,way
"Акира Куросаве",wikidata,M,Q8006,way
"Акробате Алексића",wikidata,M,Q1270745,way
"Алана Тјуринга",wikidata,M,Q7251,way
"Албера Камија",wikidata,M,Q34670,way
"Алберта Ајнштајна",wikidata,M,Q937,way
"Алберта Вајса",wikidata,M,Q12748177,way
"Албрехта Дирера",wikidata,M,Q5580,way
"Александра Ђорђевића",wikidata,M,Q11038450,way
"Александра Белића",wikidata,M,Q1289586,way
"Александра Бородина",wikidata,M,Q164004,way
"Александра Бугарског",wikidata,M,Q2832490,way
"Александра Великог",wikidata,M,Q8409,way
"Александра Војиновића",wikidata,M,Q1564174,way
"Александра Вуча",wikidata,M,Q1564031,way
"Александра Глишића",wikidata,M,Q16083483,way
"Александра Дерока",wikidata,M,Q1280402,way
"Александра Дубчека",wikidata,M,Q150543,way
"Александра Македонског",wikidata,M,Q8409,way
"Александра Невског",wikidata,M,Q174044,way
"Александра Поповића",wikidata,M,Q11038562,way
"Александра Солжењицина",wikidata,M,Q34474,way
"Александра Стамболиског",wikidata,M,Q313535,way
"Александра Стојановића",wikidata,M,Q20437619,way
"Александра Тирнанића Тиркета",wikidata,M,Q722572,way
"Александра Тишме",wikidata,M,Q699950,way
"Александра Тијанића",wikidata,M,Q1564999,way
"Александра Томашевића",wikidata,M,Q1261633,way
"Александра Флеминга",wikidata,M,Q37064,way
"Алексе Дундића",wikidata,M,Q2476319,way
"Алексе Маркишића",wikidata,M,Q12748195,way
"Алексе Ненадовића",wikidata,M,Q657769,way
"Алимпија Васиљевића",wikidata,M,Q25459086,way
"Алојза Шмауса",wikidata,M,Q2650425,way
"Алфреда Нобела",wikidata,M,Q23810,way
"Анастаса Јовановића",wikidata,M,Q2613585,way
"Андре Ђорђевића",wikidata,M,Q25460107,way
"Андре Николића",wikidata,M,Q12748350,way
"Андре Стевановића",wikidata,M,Q2846199,way
"Андреја Андрејевића",wikidata,M,Q12748356,way
"Андреја Витрука",wikidata,M,Q1265389,way
"Андреја Митровића",wikidata,M,Q502982,way
"Андреја Тарковског",wikidata,M,Q853,way
"Андреје Дамјановића",wikidata,M,Q2846520,way
"Андреје Прегера",wikidata,M,Q16080919,way
"Андрије Вуковића",wikidata,M,Q16760914,way
"Андрије Хабуша",wikidata,M,Q92601820,way
"Андрићев венац",wikidata,M,Q47561,way
"Анри Матиса",wikidata,M,Q5589,way
"Анрија Жамеа",wikidata,M,Q112395325,way
"Анте Богићевића",wikidata,M,Q12748390,way
"Антона Ашкерца",wikidata,M,Q561804,way
"Антона Чехова",wikidata,M,Q5685,way
Аписова,wikidata,M,Q441659,way
"Арсена Дедића",wikidata,M,Q594956,way
"Архиепископа Данила",wikidata,M,Q1267645,way
"Архимандрита Герасима Зелића",wikidata,M,Q5550349,way
"Архитекте Илкића",wikidata,M,Q3187158,way
"Арчибалда Рајса",wikidata,M,Q77782,way
"Атанасија Николића",wikidata,M,Q12748556,way
"Атанасија Пуље",wikidata,M,Q16081129,way
"Аугуста Шеное",wikidata,M,Q347672,way
"Ахмеда Адемовића",wikidata,M,Q15964484,way
"Аце Симића",wikidata,M,Q12748225,way
Аљехинова,wikidata,M,Q131374,way
Балзакова,wikidata,M,Q9711,way
"Бана Иваниша",wikidata,M,Q347090,way
Батутова,wikidata,M,Q11781156,way
"Бахтијара Вагабзаде",wikidata,M,Q2320387,way
Бајронова,wikidata,M,Q5679,way
Бекерелова,wikidata,M,Q41269,way
Белимарковићева,wikidata,M,Q337713,way
Берачка,wikidata,M,Q4714906,way
"Бертранда Расела",wikidata,M,Q33760,way
Биничког,wikidata,M,Q1292444,way
Бирчанинова,wikidata,M,Q5998185,way
"Благоја Јововића",wikidata,M,Q12628011,way
"Благоја Марјановића Моше",wikidata,M,Q2288163,way
"Благоја Паровића",wikidata,M,Q8248571,way
"Блажа Попиводе",wikidata,M,Q12749036,way
Блазнавчева,wikidata,M,Q620559,way
"Богдана Југовића Хајнца",wikidata,M,Q12273449,way
"Богдана Богдановића",wikidata,M,Q700592,way
"Богдана Болте",wikidata,M,Q12749080,way
"Богдана Жерајића",wikidata,M,Q12749083,way
"Богдана Косановића",wikidata,M,Q16081681,way
"Богдана Кршића",wikidata,M,Q20436692,way
"Богдана Несторовића",wikidata,M,Q2908636,way
"Богдана Поповића",wikidata,M,Q715901,way
"Богдана Тирнанића",wikidata,M,Q4937478,way
"Богомира Аћимовића",wikidata,M,Q20434508,way
"Богољуба Чукића",wikidata,M,Q12749094,way
"Боже Јанковића",wikidata,M,Q1279640,way
"Боже Дреничког",wikidata,M,Q12749121,way
"Божидара Станојевића",wikidata,M,Q12749121,way
"Божидара Тимотијевића",wikidata,M,Q12749129,way
"Божидара Ферјанчића",wikidata,M,Q3622723,way
Божурова,wikidata,M,Q20435553,way
"Боре Вукмировића",wikidata,M,Q1562871,way
"Боре Марковића",wikidata,M,Q12749171,way
"Боре Продановића",wikidata,M,Q28806156,way
"Боре Станковића",wikidata,M,Q370392,way
"Боре Станковића Макиш",wikidata,M,Q370392,way
"Боривоја Боре Тодоровића",wikidata,M,Q1250100,way
"Боривоја Вукова",wikidata,M,Q893833,way
"Боривоја Дробњаковића",wikidata,M,Q12749199,way
"Боривоја Костића",wikidata,M,Q2344945,way
"Боривоја Милојевића",wikidata,M,Q12749197,way
"Боривоја Стевановића",wikidata,M,Q16088486,way
"Борисава Атанасковића",wikidata,M,Q61129157,way
"Борислава Благојевића",wikidata,M,Q16081212,way
"Борислава Пекића",wikidata,M,Q1262563,way
Борхесова,wikidata,M,Q909,way
"Бохумила Храбала",wikidata,M,Q242130,way
"Бошка Бухе",wikidata,M,Q1280823,way
"Бошка Деснице",wikidata,M,Q12628214,way
"Бојана Ступице",wikidata,M,Q1260371,way
"Бране Петровића",wikidata,M,Q12749298,way
"Бране Црнчевића",wikidata,M,Q521540,way
"Бранивоја Јовановића Бране",wikidata,M,Q3400932,way
"Бранимира Ћосића",wikidata,M,Q1560935,way
"Бранислава Параћа",wikidata,M,Q25460235,way
"Бранислава Петронијевића",wikidata,M,Q4957412,way
"Бранислава Станковића",wikidata,M,Q933257,way
"Бранка Ћопића",wikidata,M,Q472164,way
"Бранка Гавеле",wikidata,M,Q16083625,way
"Бранка Крсмановића",wikidata,M,Q1263710,way
"Бранка Миљковића",wikidata,M,Q1266428,way
"Бранка Миљуша",wikidata,M,Q16086513,way
"Бранка Пешића",wikidata,M,Q1274624,way
"Бранка Поповића",wikidata,M,Q11042561,way
"Бранка Радичевића",wikidata,M,Q540772,way
"Бранка Шотре",wikidata,M,Q11250668,way
"Бранка Шљивића",wikidata,M,Q12749341,way
"Бранке Ђукић",wikidata,M,Q16083094,way
"Бранков мост",wikidata,M,Q540772,way
Бранкова,wikidata,M,Q540772,way
"Брацана Брацановића",wikidata,M,Q12749348,way
"Браће Недић",wikidata,M,Q61125643,way
"Браће Срнић",wikidata,M,Q25459966,way
Брехтова,wikidata,M,Q38757,way
"Буда Томовића",wikidata,M,Q16083855,way
Будманијева,wikidata,M,Q3511191,way
"Булевар Арсенија Чарнојевића",wikidata,M,Q1280568,way
"Булевар Вудроа Вилсона",wikidata,M,Q34296,way
"Булевар Зорана Ђинђића",wikidata,M,Q157131,way
"Булевар Михаила Пупина",wikidata,M,Q196287,way
"Булевар Николе Тесле",wikidata,M,Q9036,way
"Булевар Пека Дапчевића",wikidata,M,Q609138,way
"Булевар Франше д'Епереа",wikidata,M,Q360859,way
"Булевар војводе Бојовића",wikidata,M,Q769787,way
"Булевар војводе Мишића",wikidata,M,Q1138038,way
"Булевар војводе Путника",wikidata,M,Q313133,way
"Булевар деспота Стефана",wikidata,M,Q336531,way
"Булевар кнеза Александра Карађорђевића",wikidata,M,Q317578,way
"Булевар краља Александра",wikidata,M,Q297547,way
"Булевар маршала Толбухина",wikidata,M,Q48149,way
"Булевар патријарха Павла",wikidata,M,Q310119,way
"Булија Бенциона",wikidata,M,Q12748836,way
"Валентина Водника",wikidata,M,Q1083404,way
"Валтазара Богишића",wikidata,M,Q1887827,way
Валтерова,wikidata,M,Q1275203,way
Валтровићева,wikidata,M,Q12755604,way
"Ван Гога",wikidata,M,Q5582,way
"Васа Чубриловића",wikidata,M,Q550413,way
"Васе Пантелића",wikidata,M,Q11213075,way
"Васе Пелагића",wikidata,M,Q1262144,way
"Васе Стајића",wikidata,M,Q12644377,way
"Васе Чарапића",wikidata,M,Q3554884,way
"Василија Ђуровића Вака",wikidata,M,Q12749586,way
"Василија Ђуровића-Жарког",wikidata,M,Q16081689,way
"Василија Кандинског",wikidata,M,Q61064,way
"Василија Мокрањца",wikidata,M,Q144486,way
"Васка Попе",wikidata,M,Q1264021,way
"Ватрослава Јагића",wikidata,M,Q560132,way
"Вајара Ђоке Јовановића",wikidata,M,Q1557986,way
"Вајара Живојина Лукића",wikidata,M,Q12751788,way
Вајфертова,wikidata,M,Q216003,way
"Велемајстора Боре Костића",wikidata,M,Q697841,way
"Велибора Глигорића",wikidata,M,Q11216249,way
"Велизара Станковића",wikidata,M,Q16088597,way
"Велимира Бате Живојиновића",wikidata,M,Q948201,way
"Велимира Рајића",wikidata,M,Q16099174,way
"Велимира Теодоровића",wikidata,M,Q12749676,way
"Велимировићев пролаз",wikidata,M,Q435932,way
Венизелосова,wikidata,M,Q205545,way
"Веселина Маслеше",wikidata,M,Q82914,way
"Веселина Чајкановића",wikidata,M,Q7923178,way
Веспучијева,wikidata,M,Q47674,way
"Вељка Дугошевића",wikidata,M,Q12749715,way
"Вељка Лукића Курјака",wikidata,M,Q16086401,way
"Вељка Миланковића",wikidata,M,Q2512439,way
"Вељка Милићевића",wikidata,M,Q12749719,way
"Вељка Петровића",wikidata,M,Q339501,way
"Вељка Раденовића",wikidata,M,Q12749721,way
"Вељка Рамадановића",wikidata,M,Q12749716,way
"Вељка Станојевића",wikidata,M,Q7919075,way
Видаковићева,wikidata,M,Q3437197,way
"Викентија Ракића",wikidata,M,Q25465551,way
"Виктора Игоа",wikidata,M,Q535,way
"Виктора Новака",wikidata,M,Q1253361,way
"Виктора Старчића",wikidata,M,Q11196159,way
"Вили Бранта",wikidata,M,Q2514,way
Виловског,wikidata,M,Q1564255,way
"Винка Арнерија",wikidata,M,Q61129422,way
"Винка Грдана",wikidata,M,Q16111330,way
"Високог Стевана",wikidata,M,Q336531,way
"Вишњићев пасаж",wikidata,M,Q5448529,way
Вишњићева,wikidata,M,Q5448529,way
"Владана Деснице",wikidata,M,Q1275257,way
"Владе Аксентијевића",wikidata,M,Q4059911,way
"Владе Дивљана",wikidata,M,Q7938171,way
"Владе Илића",wikidata,M,Q12749848,way
"Владе Обрадовића",wikidata,M,Q13554292,way
"Владете Јеротића",wikidata,M,Q1255855,way
"Владете Поповића Пинецког",wikidata,M,Q16088573,way
Владетина,wikidata,M,Q2790626,way
"Владике Данила",wikidata,M,Q2281428,way
"Владике Николаја Велимировића",wikidata,M,Q566764,way
"Владимира Јевтовића",wikidata,M,Q11224744,way
"Владимира Јовановића",wikidata,M,Q1335808,way
"Владимира Ћетковића",wikidata,M,Q4515096,way
"Владимира Ћоровића",wikidata,M,Q617598,way
"Владимира Бечића",wikidata,M,Q1706000,way
"Владимира Васића",wikidata,M,Q25460902,way
"Владимира Гаћиновића",wikidata,M,Q12749871,way
"Владимира Гортана",wikidata,M,Q347277,way
"Владимира Дворниковића",wikidata,M,Q3437009,way
"Владимира Дујића",wikidata,M,Q12749872,way
"Владимира Карића",wikidata,M,Q12749873,way
"Владимира Матијевића",wikidata,M,Q7938487,way
"Владимира Назора",wikidata,M,Q380529,way
"Владимира Николића",wikidata,M,Q16084489,way
"Владимира Петковића",wikidata,M,Q15998867,way
"Владимира Погачића",wikidata,M,Q7938571,way
"Владимира Поповића",wikidata,M,Q535278,way
"Владимира Радовановића",wikidata,M,Q12749881,way
"Владимира Роловића",wikidata,M,Q515521,way
"Владимира Стојанчевића",wikidata,M,Q20437627,way
"Владимира Томановића",wikidata,M,Q12749891,way
"Владимира Фармаковског",wikidata,M,Q4481260,way
"Владислава Каћанског",wikidata,M,Q12749888,way
"Владислава Лалицког",wikidata,M,Q7938896,way
"Властимира Ђузе Стојиљковића",wikidata,M,Q12749904,way
"Властимира Гаврика",wikidata,M,Q61124962,way
"Властимира Павловића Царевца",wikidata,M,Q7939048,way
"Влаха Буковца",wikidata,M,Q468219,way
Влајковићева,wikidata,M,Q12747472,way
"Вожда Ђорђа Стратимировића",wikidata,M,Q1415457,way
"Војводе Јакше",wikidata,M,Q12747568,way
"Војводе Јована Стојковића",wikidata,M,Q3397121,way
"Војводе Анте Чолака",wikidata,M,Q4419630,way
"Војводе Баћевића",wikidata,M,Q1263539,way
"Војводе Богдана",wikidata,M,Q12273449,way
"Војводе Бојовића",wikidata,M,Q769787,way
"Војводе Бране",wikidata,M,Q3400932,way
"Војводе Василија Трбића",wikidata,M,Q3396173,way
"Војводе Влаховића",wikidata,M,Q317399,way
"Војводе Војислава Војиновића",wikidata,M,Q3562535,way
"Војводе Вратка",wikidata,M,Q1399070,way
"Војводе Вука",wikidata,M,Q1267637,way
"Војводе Добрњца",wikidata,M,Q7171699,way
"Војводе Довезенског",wikidata,M,Q3403487,way
"Војводе Драгомира",wikidata,M,Q794765,way
"Војводе Качерског",wikidata,M,Q2864408,way
"Војводе Миленка",wikidata,M,Q6851282,way
"Војводе Мицка Крстића",wikidata,M,Q3402797,way
"Војводе Николе Стањевића",wikidata,M,Q16853846,way
"Војводе Новака",wikidata,M,Q7064413,way
"Војводе Петка",wikidata,M,Q12290261,way
"Војводе Пламенца",wikidata,M,Q4364369,way
"Војводе Саватија",wikidata,M,Q11215068,way
"Војводе Симе Поповића",wikidata,M,Q16085582,way
"Војводе Скопљанца",wikidata,M,Q12754759,way
"Војводе Степе",wikidata,M,Q640347,way
"Војводе Стојковића",wikidata,M,Q6851282,way
"Војводе Танкосића",wikidata,M,Q471612,way
"Војводе Чупића",wikidata,M,Q7618398,way
"Војводе Шупљикца",wikidata,M,Q377783,way
"Воје Вељковића",wikidata,M,Q12749952,way
"Војина Ђурашиновића Костје",wikidata,M,Q11258445,way
"Војина Бакића",wikidata,M,Q566790,way
"Војислава Јовановића Марамба",wikidata,M,Q7939830,way
"Војислава Вокија Костића",wikidata,M,Q3395807,way
"Војислава Вучковића",wikidata,M,Q328394,way
"Војислава Илића",wikidata,M,Q1287695,way
"Војислава Лубарде",wikidata,M,Q1562105,way
"Војислава Нановића",wikidata,M,Q25753444,way
"Војислава Радовановића",wikidata,M,Q12749962,way
"Војислава Ракоњца",wikidata,M,Q12749963,way
"Вука Врчевића",wikidata,M,Q1260017,way
"Вука Караџића",wikidata,M,Q202815,way
"Вука Мандушића",wikidata,M,Q1255966,way
Вукасовићева,wikidata,M,Q7927613,way
"Вукашина Мрњавчевића",wikidata,M,Q380071,way
Вукова,wikidata,M,Q202815,way
"Вучићев пролаз",wikidata,M,Q3511189,way
"Вујадина Бошкова",wikidata,M,Q373776,way
"Вјекослава Афрића",wikidata,M,Q1565259,way
"Гаврила Поповића",wikidata,M,Q16761337,way
"Гаврила Принципа",wikidata,M,Q80492,way
"Гаврила Родића",wikidata,M,Q1099385,way
Галилејева,wikidata,M,Q307,way
Гандијева,wikidata,M,Q1001,way
Гарибалдијева,wikidata,M,Q539,way
"Гарсије Лорке",wikidata,M,Q41408,way
Гаудијева,wikidata,M,Q25328,way
Гајева,wikidata,M,Q352617,way
Гвоздићева,wikidata,M,Q65198765,way
"Генерала Љубомира Милића",wikidata,M,Q12747933,way
"Генерала Божидара Јанковића",wikidata,M,Q1279640,way
"Генерала Васића",wikidata,M,Q4105044,way
"Генерала Владимира Кондића",wikidata,M,Q16083532,way
"Генерала Врангела",wikidata,M,Q108260,way
"Генерала Жданова",wikidata,M,Q4178474,way
"Генерала Живка Павловића",wikidata,M,Q12807696,way
"Генерала Заха",wikidata,M,Q1445564,way
"Генерала Згоњанина",wikidata,M,Q6871001,way
"Генерала Лешјанина",wikidata,M,Q3622739,way
"Генерала Михајла Живковића",wikidata,M,Q15113296,way
"Генерала Михајла Недељковића",wikidata,M,Q12755633,way
"Генерала Никодија Стефановића",wikidata,M,Q65202542,way
"Генерала Рашића",wikidata,M,Q14558438,way
"Генерала Рајевског",wikidata,M,Q4388164,way
"Генерала Саве Грујића",wikidata,M,Q1287564,way
"Генерала Хорватовића",wikidata,M,Q342110,way
"Генерала Черњајева",wikidata,M,Q742089,way
"Генерала Штефаника",wikidata,M,Q319962,way
"Генерала Штурма",wikidata,M,Q149281,way
"Георгија Острогорског",wikidata,M,Q311461,way
Гетеова,wikidata,M,Q5879,way
"Геце Кона",wikidata,M,Q1559081,way
"Глигорија Возаревића",wikidata,M,Q12750244,way
Глинкина,wikidata,M,Q181885,way
Голсвордијева,wikidata,M,Q82248,way
"Горана Ковачића",wikidata,M,Q835790,way
"Господар Јевремова",wikidata,M,Q749422,way
"Господар Јованова",wikidata,M,Q3187162,way
"Господара Вучића",wikidata,M,Q3511189,way
Грамшијева,wikidata,M,Q4604,way
"Грге Јанкеса",wikidata,M,Q1563528,way
"Гргура Нинског",wikidata,M,Q965583,way
"Григора Витеза",wikidata,M,Q1254579,way
"Григорија Божовића",wikidata,M,Q12750540,way
"Грује Мишковића",wikidata,M,Q12750569,way
"Грчића Миленка",wikidata,M,Q13566195,way
"Гундулићев венац",wikidata,M,Q317588,way
Гундулићева,wikidata,M,Q317588,way
"Гуслара Перуна",wikidata,M,Q16086999,way
"Густава Климта",wikidata,M,Q34661,way
"Давида Пајића",wikidata,M,Q166071,way
Давидовићева,wikidata,M,Q905518,way
"Даворина Јенка",wikidata,M,Q1178302,way
"Данила Бате Стојковића",wikidata,M,Q213193,way
"Данила Бојовића",wikidata,M,Q16086240,way
"Данила Илића",wikidata,M,Q3015105,way
"Данила Киша",wikidata,M,Q310562,way
"Данила Лекића-Шпанца",wikidata,M,Q35410,way
"Данила Медаковића",wikidata,M,Q12750662,way
"Данила Николића",wikidata,M,Q10992291,way
"Данила Срдића",wikidata,M,Q12787307,way
Даничарева,wikidata,M,Q143817,way
"Данка Поповића",wikidata,M,Q3015199,way
Дантеова,wikidata,M,Q1067,way
Дарвинова,wikidata,M,Q1035,way
"Дениса Ричија",wikidata,M,Q45575,way
Дерванова,wikidata,M,Q149252,way
"Деспота Ђурђа",wikidata,M,Q342130,way
"Деспота Иваниша",wikidata,M,Q12752154,way
"Деспота Оливера",wikidata,M,Q887156,way
"Деспота Угљеше",wikidata,M,Q700889,way
"Дејана Медаковића",wikidata,M,Q1564782,way
"Дејана Настића",wikidata,M,Q12750858,way
"Димитрија Аврамовића",wikidata,M,Q1065954,way
"Димитрија Бачевића",wikidata,M,Q3028162,way
"Димитрија Георгијевића Старика",wikidata,M,Q4135754,way
"Димитрија Давидовића",wikidata,M,Q905518,way
"Димитрија Исаиловића",wikidata,M,Q4203625,way
"Димитрија Катића",wikidata,M,Q61132688,way
"Димитрија Коларовића",wikidata,M,Q31182554,way
"Димитрија Коњовића",wikidata,M,Q3028165,way
"Димитрија Лазарова - Раше",wikidata,M,Q20437028,way
"Димитрија Маринковића",wikidata,M,Q25460101,way
"Димитрија Нешића",wikidata,M,Q5277558,way
"Димитрија Поповића",wikidata,M,Q12750896,way
"Димитрија Савића",wikidata,M,Q52924211,way
"Димитрија Туцовића",wikidata,M,Q905535,way
"Димитрија Цинцар Марковића",wikidata,M,Q12750902,way
"Динка Туцаковића",wikidata,M,Q5014333,way
Дисова,wikidata,M,Q1256936,way
"Дијега Ривере",wikidata,M,Q171128,way
Добрачина,wikidata,M,Q12747734,way
"Добрице Ћосића",wikidata,M,Q369612,way
"Добрице Милутиновића",wikidata,M,Q1563084,way
"Доктора Ђорђа Јоановића",wikidata,M,Q580264,way
"Доктора Јована Данића",wikidata,M,Q12747731,way
"Доктора Александра Костића",wikidata,M,Q1541837,way
"Доктора Александра Радосављевића",wikidata,M,Q12748229,way
"Доктора Андрејке",wikidata,M,Q12755603,way
"Доктора Аћима Медовића",wikidata,M,Q9163281,way
"Доктора Велимировића",wikidata,M,Q61134134,way
"Доктора Вилијама Хантера",wikidata,M,Q944360,way
"Доктора Владана Ђорђевића",wikidata,M,Q701339,way
"Доктора Војислава Стојановића",wikidata,M,Q11271496,way
"Доктора Драгослава Поповића",wikidata,M,Q25460442,way
"Доктора Драгутина Бошковића",wikidata,M,Q11047527,way
"Доктора Иве Поповића-Ђанија",wikidata,M,Q61124535,way
"Доктора Косте Тодоровића",wikidata,M,Q16099404,way
"Доктора Лазара Генчића",wikidata,M,Q20436123,way
"Доктора Лудвига Хиршвелда",wikidata,M,Q43466,way
"Доктора Милоша Пантића",wikidata,M,Q1567606,way
"Доктора Милутина Зечевића",wikidata,M,Q31181996,way
"Доктора Милутина Ивковића",wikidata,M,Q726274,way
"Доктора Ника Миљанића",wikidata,M,Q3444531,way
"Доктора Рикарда Буријана",wikidata,M,Q2149149,way
"Доктора Саве Поповића",wikidata,M,Q25459364,way
"Доктора Селимира Ђорђевића",wikidata,M,Q12758759,way
"Доктора Суботића старијег",wikidata,M,Q12749965,way
"Доктора Хуга Клајна",wikidata,M,Q14605628,way
"Доктора Чајкановића",wikidata,M,Q7923178,way
"Доктора Чедомира Ђурђевића",wikidata,M,Q20437150,way
"Доментијана Хиландарца",wikidata,M,Q7204863,way
Доментијанова,wikidata,M,Q7204863,way
"Доситеја Новаковића",wikidata,M,Q8141374,way
Доситејева,wikidata,M,Q347659,way
Достојевског,wikidata,M,Q991,way
"Др Агостина Нета",wikidata,M,Q181665,way
"Др Велизара Косановића",wikidata,M,Q16084407,way
"Др Драгише Мишовића",wikidata,M,Q12751125,way
"Др Жоржа Матеа",wikidata,M,Q1438399,way
"Др Ивана Рибара",wikidata,M,Q149090,way
"Драгана Лаковића",wikidata,M,Q1567321,way
"Драгана Лукића",wikidata,M,Q1272700,way
"Драгана Максимовића",wikidata,M,Q1565010,way
"Драгана Манцеа",wikidata,M,Q933281,way
"Драгана Никитовића",wikidata,M,Q25462288,way
"Драгана Ракића",wikidata,M,Q13566405,way
"Драгана Сакана",wikidata,M,Q15410085,way
"Драгише Брашована",wikidata,M,Q1273105,way
"Драгише Васића",wikidata,M,Q1564011,way
"Драгише Лапчевића",wikidata,M,Q1564216,way
"Драгише Стојадиновића",wikidata,M,Q12751127,way
"Драгомира Арамбашића",wikidata,M,Q20434673,way
"Драгомира Бојанића Гидре",wikidata,M,Q1272627,way
"Драгомира Брајковића",wikidata,M,Q1567630,way
"Драгослава Ђорђевића Гоше",wikidata,M,Q12751151,way
"Драгослава Јовановића",wikidata,M,Q59661829,way
"Драгослава Срејовића",wikidata,M,Q470074,way
"Драгоша Калајића",wikidata,M,Q11751780,way
"Драгојла Дудића",wikidata,M,Q1565909,way
"Драгољуба Алексића",wikidata,M,Q1270745,way
"Драгутина Ђорђевића",wikidata,M,Q12787869,way
"Драгутина Алексића",wikidata,M,Q3038867,way
"Драгутина Анастасијевића",wikidata,M,Q5305517,way
"Драгутина Илића",wikidata,M,Q16088422,way
"Драгутина Маслаћа",wikidata,M,Q16085167,way
"Драгутина Медењака",wikidata,M,Q16086904,way
"Драгутина Поповића",wikidata,M,Q2044953,way
"Драгутина Томашевића",wikidata,M,Q3397650,way
"Драже Павловића",wikidata,M,Q47504732,way
Држићева,wikidata,M,Q380525,way
Дринчићева,wikidata,M,Q12755394,way
"Душана Јакшића",wikidata,M,Q1563327,way
"Душана Јанићијевића",wikidata,M,Q1268164,way
"Душана Џамоње",wikidata,M,Q516236,way
"Душана Баранина",wikidata,M,Q16083791,way
"Душана Васиљева",wikidata,M,Q5317759,way
"Душана Влајића",wikidata,M,Q16084034,way
"Душана Вукасовића",wikidata,M,Q12788083,way
"Душана Живановића",wikidata,M,Q12751353,way
"Душана Кведера",wikidata,M,Q13566412,way
"Душана Крстића",wikidata,M,Q61133483,way
"Душана Матића",wikidata,M,Q2177394,way
"Душана Милошевића",wikidata,M,Q1006545;Q2068173,way
"Душана Поповића",wikidata,M,Q12956912,way
"Душана Прелевића",wikidata,M,Q5317744,way
"Душана Пурића",wikidata,M,Q12751359,way
"Душана Пуђе",wikidata,M,Q31181999,way
"Душана Раденковића",wikidata,M,Q12751360,way
"Душана Радовића",wikidata,M,Q1268210,way
"Душана Срезојевића",wikidata,M,Q12751364,way
"Душка Попова",wikidata,M,Q2409128,way
"Душка Трифуновића",wikidata,M,Q1276124,way
"Едварда Грига",wikidata,M,Q80621,way
"Едварда Мунка",wikidata,M,Q41406,way
"Елвиса Прислија",wikidata,M,Q303,way
"Емануела Ласкера",wikidata,M,Q57095,way
"Емануила Јанковића",wikidata,M,Q12751555,way
"Емила Затопека",wikidata,M,Q52589,way
"Емила Золе",wikidata,M,Q504,way
"Емилијана Јосимовића",wikidata,M,Q11031141,way
"Емира Драгуља",wikidata,M,Q17997749,way
"Ендија Ворхола",wikidata,M,Q5603,way
"Енрика Јосифа",wikidata,M,Q12751582,way
"Епископа Николаја",wikidata,M,Q566764,way
"Есад Пашина",wikidata,M,Q366796,way
"Еугена Савојског",wikidata,M,Q152428,way
"Жарка Вуковића Пуцара",wikidata,M,Q12751687,way
"Жарка Миладиновића",wikidata,M,Q16098899,way
"Жарка Трпковића",wikidata,M,Q25463897,way
"Живана Сарамандића",wikidata,M,Q16084251,way
"Живорада Ђукића",wikidata,M,Q20437144,way
"Живорада Жике Митровића",wikidata,M,Q1260675,way
"Живорада Настасијевића",wikidata,M,Q16098968,way
"Живојина Жујовића",wikidata,M,Q12751793,way
"Жике Павловића",wikidata,M,Q1282300,way
"Жикице Јовановића",wikidata,M,Q1280992,way
"Жикице Јовановића Шпанца",wikidata,M,Q1280992,way
"Жоржа Клемансоа",wikidata,M,Q171730,way
"Жупана Властимира",wikidata,M,Q225634,way
"Жупана Прибила",wikidata,M,Q19666370,way
"Жупана Часлава",wikidata,M,Q337693,way
"Завише Црног",wikidata,M,Q167778,way
"Зарије Вујошевића",wikidata,M,Q12751881,way
Зајцова,wikidata,M,Q380547,way
"Звонка Марића",wikidata,M,Q12751936,way
"Здравка Јовановића",wikidata,M,Q12751954,way
"Здравка Велимировића",wikidata,M,Q14756516,way
"Здравка Зупана",wikidata,M,Q1281761,way
"Здравка Челара",wikidata,M,Q16084284,way
"Зеке Буљубаше",wikidata,M,Q11248349,way
Зимоњићева,wikidata,M,Q4192106,way
"Зире Адамовића",wikidata,M,Q12751153,way
"Златана Вауде",wikidata,M,Q12751997,way
"Златка Шнајдера",wikidata,M,Q1564970,way
"Змај Јовина",wikidata,M,Q362089,way
"Змај Огњена Вука",wikidata,M,Q376435,way
"Змаја Огњеног Вука",wikidata,M,Q376435,way
"Змаја од Авале",wikidata,M,Q3554884,way
"Змаја од Ноћаја",wikidata,M,Q7618398,way
"Зорана Јанковића",wikidata,M,Q220519,way
"Зорана Глушчевића",wikidata,M,Q61670481,way
"Зорана Радмиловића",wikidata,M,Q1287242,way
"Зуке Џумхура",wikidata,M,Q1280464,way
"Ибрахима Бабовића",wikidata,M,Q12752107,way
Иван-Бегова,wikidata,M,Q1281792,way
"Ивана Ђаје",wikidata,M,Q12752112,way
"Ивана Антића",wikidata,M,Q3156060,way
"Ивана Божића",wikidata,M,Q1565584,way
"Ивана В. Лалића",wikidata,M,Q1562918,way
"Ивана Горана Ковачића",wikidata,M,Q835790,way
"Ивана Губијана",wikidata,M,Q617968,way
"Ивана Капистрана",wikidata,M,Q310359,way
"Ивана Кнежевића",wikidata,M,Q12752134,way
"Ивана Марковића Ирца",wikidata,M,Q12752141,way
"Ивана Радовића",wikidata,M,Q13566439,way
"Ивана Сарића",wikidata,M,Q744638,way
"Иве Војновића",wikidata,M,Q553440,way
"Иве Маринковића",wikidata,M,Q15150346,way
"Игора Васиљева",wikidata,M,Q20435382,way
"Игњата Јоба",wikidata,M,Q5993024,way
"Игњата Бајлонија",wikidata,M,Q12745553,way
"Игњата Станимировића",wikidata,M,Q16086705,way
"Илије Ђуричића",wikidata,M,Q12791306,way
"Илије Босиља",wikidata,M,Q12752268,way
"Илије Гарашанина",wikidata,M,Q1259535,way
"Илије Гојковића",wikidata,M,Q12752266,way
"Илије Гутеше",wikidata,M,Q12752265,way
"Илије Коларевића",wikidata,M,Q15150346,way
"Илије Стојановића",wikidata,M,Q12957522,way
"Исака Њутна",wikidata,M,Q935,way
"Исака Сингера",wikidata,M,Q75612,way
"Исидора Бајића",wikidata,M,Q1272596,way
"Исидора Стојановића",wikidata,M,Q16099362,way
"Исмета Мујезиновића",wikidata,M,Q117267,way
Ичкова,wikidata,M,Q2986145,way
"Казимира Маљевића",wikidata,M,Q130777,way
Капабланкина,wikidata,M,Q160702,way
"Капетан Мишина",wikidata,M,Q6885325,way
"Капетана Милоша Жуњића",wikidata,M,Q16098624,way
"Капетана Радича Петровића",wikidata,M,Q12758092,way
"Каплара Момчила Гаврића",wikidata,M,Q12755708,way
"Карађорђев трг",wikidata,M,Q315172,way
Карађорђева,wikidata,M,Q315172,way
Карнегијева,wikidata,M,Q484265,way
Карпошева,wikidata,M,Q1289578,way
Катанићева,wikidata,M,Q56683342,way
Кашиковићева,wikidata,M,Q12756226,way
Кајухова,wikidata,M,Q752072,way
Кеплерова,wikidata,M,Q8963,way
"Кесара Војихне",wikidata,M,Q7939822,way
"Кесара Новака",wikidata,M,Q3814770,way
"Кесара Прељуба",wikidata,M,Q2983664,way
"Кесара Хреље",wikidata,M,Q3305856,way
"Кирила Кутлика",wikidata,M,Q855812,way
Кировљева,wikidata,M,Q207682,way
"Кнез Милетина",wikidata,M,Q12755365,way
"Кнеза Вишеслава",wikidata,M,Q1671084,way
"Кнеза Данила",wikidata,M,Q1262875,way
"Кнеза Иве од Семберије",wikidata,M,Q12752134,way
"Кнеза Милоша",wikidata,M,Q297557,way
"Кнеза Михаила",wikidata,M,Q434252,way
"Кнеза Мутимира",wikidata,M,Q715936,way
"Кнеза Павла Карађорђевића",wikidata,M,Q313128,way
"Кнеза Паскача",wikidata,M,Q7142209,way
"Кнеза Симе Марковића",wikidata,M,Q12758831,way
"Кнеза Страцимира",wikidata,M,Q2301359,way
"Кнеза од Семберије",wikidata,M,Q12752134,way
Книћанинова,wikidata,M,Q695866,way
"Ковача Јована Петровића",wikidata,M,Q12747759,way
Коларчева,wikidata,M,Q3148669,way
Колумбова,wikidata,M,Q7322,way
"Команданта Стојковића",wikidata,M,Q6851282,way
"Командира Церне",wikidata,M,Q25464337,way
Кондина,wikidata,M,Q14857801,way
"Константина Јовановића",wikidata,M,Q376805,way
"Константина Бабића",wikidata,M,Q2244067,way
"Константина Данила",wikidata,M,Q648562,way
"Константина Кавафија",wikidata,M,Q216980,way
"Константина Симонова",wikidata,M,Q44695,way
"Константина Филозофа",wikidata,M,Q1782745,way
Конфучијева,wikidata,M,Q4604,way
Коперникова,wikidata,M,Q619,way
"Копитарева градина",wikidata,M,Q84444,way
Корбизијеова,wikidata,M,Q4724,way
Кордунашка,wikidata,M,Q12757153;Q1784321,way
"Корнелија Станковића",wikidata,M,Q751811,way
Кортесарова,wikidata,M,Q174210,way
"Косанчићев венац",wikidata,M,Q15240326,way
"Косте Јосиповића",wikidata,M,Q20434454,way
"Косте Абрашевића",wikidata,M,Q663824,way
"Косте Алковића",wikidata,M,Q25459012,way
"Косте Богдановића",wikidata,M,Q12754105,way
"Косте Бранковића",wikidata,M,Q16085804,way
"Косте Војиновића",wikidata,M,Q15629233,way
"Косте Главинића",wikidata,M,Q12957982,way
"Косте Миличевића",wikidata,M,Q12754107,way
"Косте Нађа",wikidata,M,Q1267290,way
"Косте Новаковића",wikidata,M,Q1562928,way
"Косте Рацина",wikidata,M,Q797666,way
"Косте Стојановића",wikidata,M,Q16084511,way
"Косте Таушановића",wikidata,M,Q4452779,way
"Косте Трифковића",wikidata,M,Q6433450,way
"Косте Хакмана",wikidata,M,Q1250059,way
"Косте Цукића",wikidata,M,Q16084617,way
"Коче Капетана",wikidata,M,Q382120,way
"Коче Поповића",wikidata,M,Q1277476,way
"Краља Бодина",wikidata,M,Q435907,way
"Краља Владимира",wikidata,M,Q3380664,way
"Краља Владислава",wikidata,M,Q346960,way
"Краља Вукашина",wikidata,M,Q380071,way
"Краља Драгутина",wikidata,M,Q290786,way
"Краља Милана",wikidata,M,Q313829,way
"Краља Милутина",wikidata,M,Q319597,way
"Краља Михаила Зетског",wikidata,M,Q971449,way
"Краља Николе",wikidata,M,Q283255,way
"Краља Остоје",wikidata,M,Q2578848,way
"Краља Петра",wikidata,M,Q211827,way
"Краља Петра првог",wikidata,M,Q211827,way
"Краља Радослава",wikidata,M,Q355911,way
"Краља Стефана Томаша",wikidata,M,Q560010,way
"Краља Уроша првог",wikidata,M,Q73810,way
"Краљевића Марка",wikidata,M,Q316462,way
"Крешимира Ћосића",wikidata,M,Q435875,way
"Крешимира Барановића",wikidata,M,Q1279978,way
"Крста Бајића",wikidata,M,Q1031858,way
"Кубертенова улица",wikidata,M,Q82984,way
"Кулина Бана",wikidata,M,Q389903,way
Курсулина,wikidata,M,Q12747743,way
"Лазара Возаревића",wikidata,M,Q12754435,way
"Лазара Комарчића",wikidata,M,Q12754437,way
"Лазара Кујунџића",wikidata,M,Q3400927,way
"Лазара Петровића",wikidata,M,Q16088947,way
"Лазара Саватића",wikidata,M,Q3219996,way
"Лазара Сочице",wikidata,M,Q1561851,way
"Лазара Тасића",wikidata,M,Q3828196,way
"Лазара Трифуновића",wikidata,M,Q16082856,way
"Лазара Хиландарца",wikidata,M,Q6505806,way
"Лазе Јовановића-Порција",wikidata,M,Q31186075,way
"Лазе Докића",wikidata,M,Q5623169,way
"Лазе Костића",wikidata,M,Q938402,way
"Лазе Лазаревића",wikidata,M,Q975807,way
"Лазе Пачуа",wikidata,M,Q12754441,way
"Лазе Ристовског",wikidata,M,Q571938,way
"Лазе Стефановића",wikidata,M,Q16086093,way
Ламартинова,wikidata,M,Q188697,way
Левског,wikidata,M,Q318461,way
"Лекса Саичића",wikidata,M,Q4405155,way
"Леонарда Да Винчија",wikidata,M,Q762,way
Линденмајерова,wikidata,M,Q12751556,way
"Лоле Рибара",wikidata,M,Q1265884,way
Ломина,wikidata,M,Q2864408,way
"Лојзе Долинара",wikidata,M,Q3258708,way
"Луке Вукаловића",wikidata,M,Q2796464,way
"Луке Спасојевића",wikidata,M,Q61130301,way
"Лукијана Мушицког",wikidata,M,Q1278425,way
"Лунета Миловановића",wikidata,M,Q1385483,way
"Луја Адамича",wikidata,M,Q713658,way
"Луја Давича",wikidata,M,Q12754708,way
Магеланова,wikidata,M,Q1496,way
Мажуранићева,wikidata,M,Q453536,way
Макензијева,wikidata,M,Q15119352,way
"Максима Бранковића",wikidata,M,Q1260887,way
"Максима Горког",wikidata,M,Q12706,way
"Малог Радојице",wikidata,M,Q6743309,way
"Манета Бајића",wikidata,M,Q2067061,way
"Маринка Шебеза",wikidata,M,Q16085166,way
"Марка Кончара-Буре",wikidata,M,Q34576,way
"Марка Лека",wikidata,M,Q6771165,way
"Марка Марковића",wikidata,M,Q12754963,way
"Марка Милановића",wikidata,M,Q16086345,way
"Марка Миљанова",wikidata,M,Q3132479,way
"Марка Орешковића",wikidata,M,Q1264428,way
"Марка Перичина - Камењара",wikidata,M,Q12754974,way
"Марка Пола",wikidata,M,Q6101,way
"Марка Ристића",wikidata,M,Q455869,way
"Марка Тајчевића",wikidata,M,Q741177,way
"Марка Тодоровића",wikidata,M,Q1260532,way
"Марка Челебоновића",wikidata,M,Q2742423,way
"Марка Шагала",wikidata,M,Q93284,way
Маркесова,wikidata,M,Q5878,way
"Мартина Лутера Кинга",wikidata,M,Q8027,way
Марулићева,wikidata,M,Q336571,way
"Маршала Бирјузова",wikidata,M,Q48055,way
"Маршала Тита",wikidata,M,Q9161,way
"Масариков трг",wikidata,M,Q78492,way
Масарикова,wikidata,M,Q78492,way
Матавуљева,wikidata,M,Q1275981,way
"Мате Милошевића",wikidata,M,Q11142270,way
"Мате Парлова",wikidata,M,Q381708,way
"Матије Бана",wikidata,M,Q2605633,way
"Матије Вуковића",wikidata,M,Q6787470,way
"Матије Иванића",wikidata,M,Q6540630,way
"Махмута Ибрахимпашића",wikidata,M,Q4195397,way
Мајаковског,wikidata,M,Q132964,way
"Мајора Александра Мишића",wikidata,M,Q12748219,way
"Мајора Бранка Вукосављевића",wikidata,M,Q14156431,way
"Мајора Зорана Радосављевића",wikidata,M,Q12752076,way
"Мајора Илића",wikidata,M,Q12755616,way
"Мајора Михаила Маџаревића",wikidata,M,Q25464626,way
"Мајора Николајевића",wikidata,M,Q25460856,way
Медаковићева,wikidata,M,Q16098836,way
"Мехмеда Соколовића",wikidata,M,Q298419,way
"Меше Селимовића",wikidata,M,Q315677,way
Мештровићева,wikidata,M,Q313828,way
"Мигела Анхела Астуријаса",wikidata,M,Q75603,way
"Мике Аласа",wikidata,M,Q1932828,way
"Мике Митровића",wikidata,M,Q12755265,way
Миклошићева,wikidata,M,Q93401,way
"Мила Милуновића",wikidata,M,Q1283140,way
"Миладина Поповића",wikidata,M,Q10992018,way
"Милана Ћурчина",wikidata,M,Q14763580,way
"Милана Антоновића",wikidata,M,Q3313980,way
"Милана Бартоша",wikidata,M,Q12755297,way
"Милана Благојевића Шпанца",wikidata,M,Q1567421,way
"Милана Будимира",wikidata,M,Q1561348,way
"Милана Вапе",wikidata,M,Q25458589,way
"Милана Вукоса",wikidata,M,Q472123,way
"Милана Вујаклије",wikidata,M,Q12755304,way
"Милана Галића",wikidata,M,Q2318901,way
"Милана Грола",wikidata,M,Q835476,way
"Милана Зечара",wikidata,M,Q12755301,way
"Милана Злоковића",wikidata,M,Q3079336,way
"Милана Илића",wikidata,M,Q4199299,way
"Милана Капетановића",wikidata,M,Q3313989,way
"Милана Кашанина",wikidata,M,Q1567721,way
"Милана Коњовића",wikidata,M,Q2985710,way
"Милана Куча",wikidata,M,Q25459535,way
"Милана Милићевића",wikidata,M,Q2980829,way
"Милана Мијалковића",wikidata,M,Q25459726,way
"Милана Младеновића",wikidata,M,Q104259,way
"Милана Мушкатировића",wikidata,M,Q3857712,way
"Милана Муњаса",wikidata,M,Q4140782,way
"Милана Недељковића",wikidata,M,Q16086399,way
"Милана Ракића",wikidata,M,Q1288093,way
"Милана Распоповића",wikidata,M,Q16085260,way
"Милана Решетара",wikidata,M,Q877241,way
"Милана С. Минића",wikidata,M,Q25465548,way
"Милана Срдоча",wikidata,M,Q354223,way
"Милана Станивуковића",wikidata,M,Q1565533,way
"Милана Танкосића",wikidata,M,Q18644695,way
"Милана Шарца",wikidata,M,Q4409650,way
"Миленка Веркића",wikidata,M,Q16087518,way
"Миленка Веснића",wikidata,M,Q1438435,way
"Миленка Заблаћанског",wikidata,M,Q1561358,way
"Миленка Стојковића",wikidata,M,Q6851282,way
"Милентија Поповића",wikidata,M,Q1272866,way
"Милете Јакшића",wikidata,M,Q12755363,way
"Миливоја Миће Томића",wikidata,M,Q11130930,way
"Миливоја Перовића",wikidata,M,Q16086655,way
"Милинка Кушића",wikidata,M,Q12755376,way
"Милисава Ђуровића",wikidata,M,Q16084748,way
"Милисава Дакића",wikidata,M,Q12755383,way
"Милисава Лутовца",wikidata,M,Q20437249,way
"Милића Ракића",wikidata,M,Q61123895,way
"Милића од Мачве",wikidata,M,Q1253442,way
"Милована Јанковића",wikidata,M,Q12755402,way
"Милована Видаковића",wikidata,M,Q3437197,way
"Милована Глишића",wikidata,M,Q604086,way
"Милована Миловановића",wikidata,M,Q1290582,way
"Милована Челебића",wikidata,M,Q16085262,way
"Милована Шарановића",wikidata,M,Q12796716,way
"Миломира Станишића",wikidata,M,Q12755415,way
"Милорада Бате Михаиловића",wikidata,M,Q2887763,way
"Милорада Бонџулића",wikidata,M,Q4093295,way
"Милорада Димитријевића",wikidata,M,Q12755417,way
"Милорада Драшковића",wikidata,M,Q12755418,way
"Милорада Екмечића",wikidata,M,Q893044,way
"Милорада Митровића",wikidata,M,Q14506838,way
"Милорада Мишковића",wikidata,M,Q3314433,way
"Милорада Павића",wikidata,M,Q157204,way
"Милорада Рувидића",wikidata,M,Q3314435,way
"Милорада Умјеновића",wikidata,M,Q12755425,way
"Милорада Шапчанина",wikidata,M,Q4806445,way
"Милосава Влајића",wikidata,M,Q16380589,way
"Милоша Богићевића",wikidata,M,Q12755433,way
"Милоша Голубовића",wikidata,M,Q12755437,way
"Милоша Жутића",wikidata,M,Q11124456,way
"Милоша Марића",wikidata,M,Q4281608,way
"Милоша Матијевића",wikidata,M,Q11124836,way
"Милоша Милутиновића",wikidata,M,Q957107,way
"Милоша Поцерца",wikidata,M,Q16084768,way
"Милоша Савчића",wikidata,M,Q16085079,way
"Милоша Сарића",wikidata,M,Q12746077,way
"Милоша Светића",wikidata,M,Q1101697,way
"Милоша Тенковића",wikidata,M,Q3314486,way
"Милоша Црњанског",wikidata,M,Q31215,way
"Милоја Ђака",wikidata,M,Q12755460,way
"Милоја Васића",wikidata,M,Q3314419,way
"Милоја Закића",wikidata,M,Q31181085,way
"Милоја Павловића",wikidata,M,Q133711,way
"Милојка Вуцелића",wikidata,M,Q12755465,way
"Милуна Маровића",wikidata,M,Q1273047,way
"Милутина Бојића",wikidata,M,Q744695,way
"Милутина Бутковића",wikidata,M,Q16098517,way
"Милутина Гарашанина",wikidata,M,Q3858110,way
"Милутина Кукањца",wikidata,M,Q2679231,way
"Милутина Миланковића",wikidata,M,Q89054,way
"Милутина Стефановића",wikidata,M,Q52475657,way
"Милутина Ускоковића",wikidata,M,Q3314554,way
"Миодрага Булатовића",wikidata,M,Q923019,way
"Миодрага Ибровца",wikidata,M,Q12755509,way
"Миодрага Николића",wikidata,M,Q54875413,way
"Миодрага Петровића",wikidata,M,Q31186759,way
"Миодрага Петровића Чкаље",wikidata,M,Q1283682,way
"Миодрага Протића",wikidata,M,Q6871351,way
"Миомира Вукобратовића",wikidata,M,Q6593374,way
"Миомира Денића",wikidata,M,Q16085101,way
"Мира Попаре",wikidata,M,Q25460266,way
"Мирка Бањевића",wikidata,M,Q16087491,way
"Мирка Поштића",wikidata,M,Q16380659,way
"Мирка Сандића",wikidata,M,Q983907,way
Миросављева,wikidata,M,Q1285178,way
"Мирослава Антића",wikidata,M,Q887259,way
"Мирослава Крлеже",wikidata,M,Q325428,way
"Мирослава Мике Микеровића",wikidata,M,Q16085023,way
"Мирослава Радојчића",wikidata,M,Q43251466,way
"Мирослава Тирша",wikidata,M,Q160021,way
"Мирча Ацева",wikidata,M,Q2984520,way
"Мите Ракића",wikidata,M,Q12755586,way
"Мите Ружића",wikidata,M,Q16088737,way
"Мите Ценића",wikidata,M,Q12956783,way
"Митра Бакића",wikidata,M,Q1378411,way
"Митрополита Михаила",wikidata,M,Q10857249,way
"Митрополита Мраовића",wikidata,M,Q10857314,way
"Митрополита Павла Ненадовића",wikidata,M,Q7155921,way
"Митрополита Петра",wikidata,M,Q12757192,way
"Митрополита Стратимировића",wikidata,M,Q3509236,way
"Михаила Ђурића",wikidata,M,Q12755602,way
"Михаила Аврамовића",wikidata,M,Q12755599,way
"Михаила Богићевића",wikidata,M,Q12755598,way
"Михаила Булгакова",wikidata,M,Q835,way
"Михаила Вујића",wikidata,M,Q6227485,way
"Михаила Гавриловића",wikidata,M,Q6845177,way
"Михаила Мике Јанковића",wikidata,M,Q3313063,way
"Михаила Миловановића",wikidata,M,Q426092,way
"Михаила Петрова",wikidata,M,Q16081847,way
"Михаила Полита Десанчића",wikidata,M,Q12755619,way
"Михаила Тодоровића",wikidata,M,Q16087231,way
"Михаила Шушкаловића",wikidata,M,Q12755627,way
"Михајла Андрејевића",wikidata,M,Q12755603,way
"Михајла Бате Паскаљевића",wikidata,M,Q1563227,way
"Михајла Валтровића",wikidata,M,Q12755604,way
"Михајла Костића Пљаке",wikidata,M,Q11133229,way
"Михајла Микашиновића",wikidata,M,Q61128025,way
"Михајла Пупина",wikidata,M,Q196287,way
Михизова,wikidata,M,Q12749205,way
"Миховила Логара",wikidata,M,Q169445,way
Мицкијевичева,wikidata,M,Q79822,way
"Мише Блама",wikidata,M,Q17274586,way
"Мише Вујића",wikidata,M,Q6227485,way
"Мише Зарића",wikidata,M,Q658324,way
"Мише Поповића",wikidata,M,Q3315689,way
"Мишка Јовановића",wikidata,M,Q19519879,way
"Мишка Крањца",wikidata,M,Q161900,way
"Мијата Мијатовића",wikidata,M,Q16084843,way
"Мије Алексића",wikidata,M,Q432858,way
"Миљана Миљанића",wikidata,M,Q456940,way
"Миње Дедића",wikidata,M,Q51767127,way
"Мића Радаковића",wikidata,M,Q12755658,way
"Миће Орловића",wikidata,M,Q12958468,way
"Миће Поповића",wikidata,M,Q3317365,way
"Младена Јосића",wikidata,M,Q3317422,way
"Младена Жујовића",wikidata,M,Q12755667,way
"Младена Миловановића",wikidata,M,Q2759008,way
"Младена Стојановића",wikidata,M,Q1263753,way
Млатишумина,wikidata,M,Q22038979,way
Мокрањчева,wikidata,M,Q719121,way
Молерова,wikidata,M,Q2075216,way
"Моме Димића",wikidata,M,Q11003437,way
"Моме Капора",wikidata,M,Q976238,way
"Моме Станојловића",wikidata,M,Q4439511,way
"Момчила Тапавице",wikidata,M,Q371615,way
Моцартова,wikidata,M,Q254,way
Мусоргског,wikidata,M,Q132682,way
"Мустафе Голубића",wikidata,M,Q4142422,way
Мутапова,wikidata,M,Q16086006,way
Мутимирова,wikidata,M,Q715936,way
Мушицког,wikidata,M,Q1278425,way
Набоковљева,wikidata,M,Q36591,way
"Намесника Протића",wikidata,M,Q4381809,way
"Нандора Глида",wikidata,M,Q11128965,way
Натошевићева,wikidata,M,Q12747503,way
"Небојше Ђукелића",wikidata,M,Q20437138,way
"Недељка Гвозденовића",wikidata,M,Q1261280,way
"Недељка Кошанина",wikidata,M,Q20436560,way
"Недељка Чабриновића",wikidata,M,Q861281,way
Немањина,wikidata,M,Q298612,way
"Ненада Манојловића",wikidata,M,Q3444614,way
"Нестора Жучнога",wikidata,M,Q25050796,way
Нехруова,wikidata,M,Q1047,way
"Нике Максимовића",wikidata,M,Q61131770,way
"Никодима Милаша",wikidata,M,Q1274388,way
"Никола Бижумића",wikidata,M,Q12756214,way
"Николаја Берђајева",wikidata,M,Q184656,way
"Николаја Гогоља",wikidata,M,Q43718,way
"Николаја Кравцова",wikidata,M,Q4237318,way
"Николаја Краснова",wikidata,M,Q3341570,way
"Николаја Островског",wikidata,M,Q271853,way
"Николаја Р. Корсакова",wikidata,M,Q93227,way
"Николаја Хартвига",wikidata,M,Q1699621,way
"Николе Ђурковића",wikidata,M,Q25468925,way
"Николе Алтомановића",wikidata,M,Q376159,way
"Николе Вулића",wikidata,M,Q12756217,way
"Николе Груловића",wikidata,M,Q11129130,way
"Николе Демоње",wikidata,M,Q1272428,way
"Николе Добровића",wikidata,M,Q4163556,way
"Николе Доксата",wikidata,M,Q124418,way
"Николе Караклајића",wikidata,M,Q2559046,way
"Николе Карева",wikidata,M,Q1396875,way
"Николе Мараковића",wikidata,M,Q10990863,way
"Николе Милића",wikidata,M,Q13591697,way
"Николе Несторовића",wikidata,M,Q3341572,way
"Николе Рашића",wikidata,M,Q12756233,way
"Николе Симића",wikidata,M,Q213429,way
"Николе Совиља",wikidata,M,Q4426547,way
"Николе Спасића",wikidata,M,Q16086743,way
"Николе Стефановића",wikidata,M,Q12756243,way
"Николе Тесле",wikidata,M,Q9036,way
"Никше Градија",wikidata,M,Q18164906,way
"Никше Стипчевића",wikidata,M,Q955568,way
"Нилса Бора",wikidata,M,Q7085,way
"Нићифора Дучића",wikidata,M,Q7042322,way
"Нићифора Нинковића",wikidata,M,Q12756306,way
"Новака Новака",wikidata,M,Q1254252,way
"Новице Тадића",wikidata,M,Q3094435,way
"Новице Церовића",wikidata,M,Q1269148,way
Нодилова,wikidata,M,Q1267183,way
Нушићева,wikidata,M,Q315136,way
"Обала краља Александра Првог Карађорђевића",wikidata,M,Q207384,way
"Обала мајора Драгутина Гавриловића",wikidata,M,Q1157536,way
"Орвелова улица",wikidata,M,Q3335,way
"Орловића Павла",wikidata,M,Q7155922,way
"Орсона Велса",wikidata,M,Q24829,way
Орфелинова,wikidata,M,Q2983199,way
"Оскара Давича",wikidata,M,Q782418,way
"Оскара Данона",wikidata,M,Q1283045,way
"Османа Ђикића",wikidata,M,Q6470801,way
"Отокара Кершованија",wikidata,M,Q2500995,way
"Отона Жупанчича",wikidata,M,Q301171,way
"Пабла Неруде",wikidata,M,Q34189,way
"Павла Јуришића Штурма",wikidata,M,Q149281,way
"Павла Бакића",wikidata,M,Q302974,way
"Павла Васића",wikidata,M,Q16086998,way
"Павла Вујевића",wikidata,M,Q7155927,way
"Павла Вујисића",wikidata,M,Q1276190,way
"Павла Минчића",wikidata,M,Q11148412,way
"Павла Павловића",wikidata,M,Q6599362,way
"Павла Поповића",wikidata,M,Q12044370,way
"Павла Радовановића",wikidata,M,Q16085540,way
"Павла Савића",wikidata,M,Q726005,way
"Павла Софрића",wikidata,M,Q31183406,way
"Павла Угринова",wikidata,M,Q12756956,way
"Павла Цукића",wikidata,M,Q12756952,way
"Палмира Тољатија",wikidata,M,Q310158,way
Палмотићева,wikidata,M,Q2569476,way
"Пана Ђукића",wikidata,M,Q20310089,way
"Панте Јаковљевића",wikidata,M,Q16085356,way
"Панте Михајловића",wikidata,M,Q16098955,way
"Панте Срећковића",wikidata,M,Q12289863,way
"Панте Тутунџића",wikidata,M,Q12756988,way
Панчићева,wikidata,M,Q543250,way
"Пасаж Карла Малдена",wikidata,M,Q94992,way
Пастернакова,wikidata,M,Q41223,way
Пастерова,wikidata,M,Q529,way
"Патриса Лумумбе",wikidata,M,Q161672,way
"Патријарха Јоаникија",wikidata,M,Q12758643;Q141346,way
"Патријарха Варнаве",wikidata,M,Q1281645,way
"Патријарха Гаврила",wikidata,M,Q878894,way
"Патријарха Димитрија",wikidata,M,Q1282567,way
"Патријарха српског Саватија",wikidata,M,Q12757067,way
"Паула Клеа",wikidata,M,Q44007,way
"Паје Јовановића",wikidata,M,Q260892,way
"Паје Адамова",wikidata,M,Q1563693,way
"Пека Павловића",wikidata,M,Q4341602,way
"Пека Тепавчевића",wikidata,M,Q61130309,way
"Пера Ћетковића",wikidata,M,Q4515097,way
"Пера Слијепчевића",wikidata,M,Q12757148,way
"Пере Велимировића",wikidata,M,Q435932,way
"Пере Косорића",wikidata,M,Q25460252,way
"Пере Сегединца",wikidata,M,Q1295432,way
"Пере Тодоровића",wikidata,M,Q12757120,way
"Перице Ивановића",wikidata,M,Q25460304,way
Петефијева,wikidata,M,Q81219,way
"Петра Ђурковића",wikidata,M,Q2632050,way
"Петра Јовановића",wikidata,M,Q12757168,way
"Петра Џаџића",wikidata,M,Q11162655,way
"Петра Анагностија",wikidata,M,Q12757173,way
"Петра Банићевића",wikidata,M,Q1566408,way
"Петра Бајаловића",wikidata,M,Q3376329,way
"Петра Добровића",wikidata,M,Q838985,way
"Петра Драпшина",wikidata,M,Q35892,way
"Петра Колендића",wikidata,M,Q15989225,way
"Петра Кочића",wikidata,M,Q715945,way
"Петра Коњовића",wikidata,M,Q1289465,way
"Петра Краља",wikidata,M,Q1566279,way
"Петра Крстића",wikidata,M,Q284044,way
"Петра Лековића",wikidata,M,Q1263987,way
"Петра Лубарде",wikidata,M,Q1260743,way
"Петра Мартиновића",wikidata,M,Q1567311,way
"Петра Мећаве",wikidata,M,Q12757204,way
"Петра Мркоњића",wikidata,M,Q211827,way
"Петра Обрадовића",wikidata,M,Q31185434,way
"Петра Павловића",wikidata,M,Q20434910,way
"Петра Прерадовића",wikidata,M,Q373915,way
"Петра Стојановића",wikidata,M,Q975526,way
"Петра Убавкића",wikidata,M,Q2382623,way
"Петра Чајковског",wikidata,M,Q7315,way
"Петра Шкундрића",wikidata,M,Q20438469,way
Петраркина,wikidata,M,Q1401,way
"Пешачки пролаз Нушићева",wikidata,M,Q315136,way
"Пеђе Милосављевића",wikidata,M,Q1562364,way
"Пива Караматијевића",wikidata,M,Q12757756,way
"Пивљанина Баја",wikidata,M,Q4075652,way
"Пилота Михаила Петровића",wikidata,M,Q1509308,way
Пинкијева,wikidata,M,Q703494,way
Пиранделова,wikidata,M,Q1403,way
Пироћанчева,wikidata,M,Q2045522,way
"Плато Александра Николића",wikidata,M,Q1282797,way
"Плато Раше Ливаде",wikidata,M,Q25464572,way
"Плато Слободана Јовановића",wikidata,M,Q89188,way
Подруговићева,wikidata,M,Q478851,way
Поенкареова,wikidata,M,Q191974,way
"Пола Гогена",wikidata,M,Q37693,way
Политова,wikidata,M,Q12755619,way
"Поп Лукина",wikidata,M,Q12754673,way
"Поручника Спасића и Машере",wikidata,M,Q1280056;Q1280314,way
"Прве пруге",wikidata,M,Q1564965,way
"Предрага Васића",wikidata,M,Q12959366,way
"Предрага Лаковића",wikidata,M,Q2444746,way
"Предрага Милојевића",wikidata,M,Q20437668,way
"Предрага Симића",wikidata,M,Q18881163,way
Прерадовићева,wikidata,M,Q373915,way
Прешернова,wikidata,M,Q1031,way
"Проте Ђурића",wikidata,M,Q25461167,way
"Проте Матеје",wikidata,M,Q733518,way
"Проте Милана Смиљанића",wikidata,M,Q31186128,way
"Професора Михаила Ђурића",wikidata,M,Q3313065,way
"Пуковника Миленка Павловића",wikidata,M,Q16089105,way
"Пупинов мост",wikidata,M,Q196287,way
Пупинова,wikidata,M,Q196287,way
Пушкинова,wikidata,M,Q7200,way
"Пјарона де Мондезира",wikidata,M,Q3175583,way
"Пјера Крижанића",wikidata,M,Q12758009,way
"Пјера де Кубертена",wikidata,M,Q82984,way
"Рабина Алкалаја",wikidata,M,Q651247,way
Раблеова,wikidata,M,Q131018,way
"Рада Драинца",wikidata,M,Q10356921,way
"Рада Неимара",wikidata,M,Q12758050,way
"Раде Кондића",wikidata,M,Q12758051,way
"Раде Кончара",wikidata,M,Q640602,way
"Раденка Мишевића",wikidata,M,Q11182996,way
"Радета Марковића",wikidata,M,Q299993,way
"Радете Станковића",wikidata,M,Q12758064,way
"Радивоја Кораћа",wikidata,M,Q613234,way
"Радивоја Лоле Ђукића",wikidata,M,Q12758070,way
"Радована Драговића",wikidata,M,Q12758117,way
"Радована Самарџића",wikidata,M,Q15715384,way
"Радомира Рељића",wikidata,M,Q7281549,way
"Радослава Грујића",wikidata,M,Q12758131,way
"Радоја Дакића",wikidata,M,Q1564150,way
"Радоја Домановића",wikidata,M,Q1280278,way
"Ранка Жеравице",wikidata,M,Q943199,way
"Ранка Тајсића",wikidata,M,Q25461138,way
Ранкеова,wikidata,M,Q77184,way
"Растислава Јовића",wikidata,M,Q26707130,way
"Растка Петровића",wikidata,M,Q9286452,way
"Ратка Митровића",wikidata,M,Q1563164,way
"Ратка Павловића",wikidata,M,Q133713,way
"Ратка Сарића",wikidata,M,Q12758204,way
"Ратка Софјанића",wikidata,M,Q12758205,way
Рачкога,wikidata,M,Q16088529,way
"Раше Плаовића",wikidata,M,Q11165402,way
Рајачићева,wikidata,M,Q902075,way
Рајићева,wikidata,M,Q3029419,way
"Рајка Лешјанина",wikidata,M,Q92434508,way
"Рајка Митића",wikidata,M,Q470683,way
"Рајка од Расине",wikidata,M,Q7281410,way
Рембрантова,wikidata,M,Q5598,way
Ренартова,wikidata,M,Q44122,way
"Рене Магрита",wikidata,M,Q7836,way
Рељина,wikidata,M,Q3305856,way
Рељковићева,wikidata,M,Q922478,way
Рибарчева,wikidata,M,Q16099273,way
"Рибњак Мика Алас",wikidata,M,Q1932828,way
"Риге од Фере",wikidata,M,Q319684,way
"Ристе Вукановића",wikidata,M,Q13567252,way
"Ристе Марјановића",wikidata,M,Q12758342,way
"Ристе Стефановића",wikidata,M,Q12758347,way
"Родољуба Чолаковића",wikidata,M,Q1292473,way
"Романа Сондермајера",wikidata,M,Q20436766,way
"Ромена Ролана",wikidata,M,Q47162,way
Рубенсова,wikidata,M,Q5599,way
Руварчева,wikidata,M,Q1282857,way
"Руди Чајавеца",wikidata,M,Q2614845,way
Рузвелтова,wikidata,M,Q8007,way
"Рустема Сејдића",wikidata,M,Q25464435,way
"Руђера Бошковића",wikidata,M,Q310757,way
Рјепинова,wikidata,M,Q172911,way
"Сава Бурића",wikidata,M,Q276719,way
"Саве Ковачевића",wikidata,M,Q821495,way
"Саве Ковачевића улица 1.",wikidata,M,Q821495,way
"Саве Ковачевића улица 2.",wikidata,M,Q821495,way
"Саве Ковачевића улица 3.",wikidata,M,Q821495,way
"Саве Машковића",wikidata,M,Q12758507;Q523698,way
"Саве Текелије",wikidata,M,Q1564949,way
"Саве Шумановића",wikidata,M,Q726025,way
"Садика Рамиза",wikidata,M,Q1568696,way
Сазонова,wikidata,M,Q35548,way
"Салвадора Аљендеа",wikidata,M,Q440,way
"Самаранова улица",wikidata,M,Q171166,way
"Самјуела Бекета",wikidata,M,Q37327,way
Сартрова,wikidata,M,Q9364,way
"Саше Петровића",wikidata,M,Q938466,way
"Сање Живановића",wikidata,M,Q12748213,way
"Свете Милутиновића",wikidata,M,Q61125586,way
"Светислава Вуловића",wikidata,M,Q12960104,way
"Светислава Цвијановића",wikidata,M,Q65198000,way
Светоандрејска,wikidata,M,Q43399,way
"Светог Василија Великог",wikidata,M,Q44258,way
"Светог Климента",wikidata,M,Q158504,way
"Светог Луке",wikidata,M,Q128538,way
"Светог Марка",wikidata,M,Q31966,way
"Светог Наума",wikidata,M,Q350061,way
"Светог Николаја Жичког",wikidata,M,Q566764,way
"Светог Николе",wikidata,M,Q44269,way
"Светог Прохора Пчињског",wikidata,M,Q1283704,way
"Светог Рафаила Шишатовачког",wikidata,M,Q25460309,way
"Светог Саве",wikidata,M,Q138465,way
"Светог Серафима Саровског",wikidata,M,Q44717,way
"Светозара Ћоровића",wikidata,M,Q1393103,way
"Светозара Глигорића",wikidata,M,Q158050,way
"Светозара Ивачковића",wikidata,M,Q3506336,way
"Светозара Марковића",wikidata,M,Q376036,way
"Светозара Милетића",wikidata,M,Q1255113,way
"Светозара Радојчића",wikidata,M,Q12758671,way
"Светолика Лазаревића Лазе",wikidata,M,Q16085759,way
"Светомира Ђукића",wikidata,M,Q4170392,way
"Светомира Николајевића",wikidata,M,Q1267099,way
"Севастократора Влатка",wikidata,M,Q13566353,way
"Севастократора Дејана",wikidata,M,Q3622810,way
"Севастрократора Бранка",wikidata,M,Q423484,way
Сервантесова,wikidata,M,Q5682,way
"Сердар Јола",wikidata,M,Q4362690,way
"Сердара Јанка Вукотића",wikidata,M,Q1273676,way
"Сењанин Тадије",wikidata,M,Q85998820,way
"Сењанина Иве",wikidata,M,Q6099183,way
"Сибињанин Јанка",wikidata,M,Q242688,way
"Силвија Крањчевића",wikidata,M,Q470704,way
"Симе Ћирковића",wikidata,M,Q965622,way
"Симе Андрејевића",wikidata,M,Q12758833,way
"Симе Игуманова",wikidata,M,Q12758833,way
"Симе Лозанића",wikidata,M,Q3053165,way
"Симе Лукина Лазића",wikidata,M,Q12758832,way
"Симе Матавуља",wikidata,M,Q1275981,way
"Симе Милошевића",wikidata,M,Q11166674,way
"Симе Пандуровића",wikidata,M,Q3504002,way
"Симе Симића",wikidata,M,Q61130184,way
"Симе Тројановића",wikidata,M,Q12758837,way
"Симе Шолаје",wikidata,M,Q206546,way
"Симеона Кончаревића",wikidata,M,Q8109640,way
"Симеона Кончаревића први део",wikidata,M,Q8109640,way
"Симеона Роксандића",wikidata,M,Q1403459,way
"Симона Боливара",wikidata,M,Q8605,way
"Синише Вуковића",wikidata,M,Q12758863,way
"Синише Николајевића",wikidata,M,Q276677,way
"Синише Станковића",wikidata,M,Q10858587,way
Синђелићева,wikidata,M,Q692749,way
"Синђелићево сокаче",wikidata,M,Q692749,way
"Сквер Моме Капора",wikidata,M,Q976238,relation
Скендербегова,wikidata,M,Q160614,way
Скерлићева,wikidata,M,Q1278008,way
"Славише Вајнера",wikidata,M,Q4102497,way
"Славка Ћурувије",wikidata,M,Q1255413,way
"Славка Гавриловића",wikidata,M,Q16088670,way
"Славка Родића",wikidata,M,Q1560939,way
"Славка Шландера",wikidata,M,Q6591775,way
"Славољуба Вуксановића",wikidata,M,Q16085675,way
"Слободана Ђурића",wikidata,M,Q12758952,way
"Слободана Јовановића",wikidata,M,Q89188,way
"Слободана Јовића",wikidata,M,Q16085898,way
"Слободана Алигрудића",wikidata,M,Q1256830,way
"Слободана Бајића",wikidata,M,Q1256617,way
"Слободана Мацуре",wikidata,M,Q12758967,way
"Слободана Милића",wikidata,M,Q12758969,way
"Слободана Перића",wikidata,M,Q16099094,way
"Слободана Перовића",wikidata,M,Q11203544,way
"Слободана Принципа",wikidata,M,Q245714,way
"Слободана Принципа Сеље",wikidata,M,Q245714,way
"Слободана Сантрача",wikidata,M,Q949030,way
"Слободана Селенића",wikidata,M,Q12959883,way
Сметанина,wikidata,M,Q48173,way
"Спасе Гарде",wikidata,M,Q3400963,way
"Спасићев пролаз",wikidata,M,Q16086743,way
"Споменка Гостића",wikidata,M,Q10855260,way
"Сретена Вукосављевића",wikidata,M,Q794543,way
"Сретена Вукосављевића - Авалска",wikidata,M,Q794543,way
"Сретена Младеновића Мике",wikidata,M,Q12759514,way
"Сретена Стојановића",wikidata,M,Q1280045,way
"Срећка Недељковића",wikidata,M,Q506677,way
Срзентићева,wikidata,M,Q12749964,way
"Срђана Алексића",wikidata,M,Q1254402,way
"Станислава Винавера",wikidata,M,Q1252057,way
"Станислава Сремчевића",wikidata,M,Q16088317,way
Станиславског,wikidata,M,Q49484,way
"Станка Опсенице",wikidata,M,Q12759633,way
"Станка Пауновића-Вељка",wikidata,M,Q703200,way
"Станоја Главаша",wikidata,M,Q683913,way
"Станоја Симића",wikidata,M,Q16085881,way
"Станоја Станојевића",wikidata,M,Q3657388,way
"Старине Новака",wikidata,M,Q2714963,way
"Старца Милије",wikidata,M,Q28529724,way
"Сташка Сондермајера",wikidata,M,Q12759620,way
"Стевана Боднарова",wikidata,M,Q1566263,way
"Стевана В. Поповића",wikidata,M,Q1291614,way
"Стевана Дукића",wikidata,M,Q12759679,way
"Стевана Карамате",wikidata,M,Q3444543,way
"Стевана Лубурића",wikidata,M,Q12759681,way
"Стевана Луковића",wikidata,M,Q25460899,way
"Стевана Марковића",wikidata,M,Q2071424,way
"Стевана Мокрањца",wikidata,M,Q719121,way
"Стевана Мусића",wikidata,M,Q16087674,way
"Стевана Опачића",wikidata,M,Q16088327,way
"Стевана Симића",wikidata,M,Q13107429,way
"Стевана Синђелића",wikidata,M,Q692749,way
"Стевана Сремца",wikidata,M,Q559989,way
"Стевана Филиповића",wikidata,M,Q458061,way
"Стевана Христића",wikidata,M,Q1284260,way
"Стеве Жигона",wikidata,M,Q1293498,way
"Стеве Тодоровића",wikidata,M,Q22019504,way
Стевчина,wikidata,M,Q3973461,way
Стеријина,wikidata,M,Q1287180,way
"Стефана Драгутина Немањића",wikidata,M,Q290786,way
"Стефана Првовенчаног",wikidata,M,Q24445,way
"Стефана Радослава",wikidata,M,Q355911,way
"Стојадина Мирковића",wikidata,M,Q16012661,way
"Стојана Љубића",wikidata,M,Q16087089,way
"Стојана Ћелића",wikidata,M,Q13582476,way
"Стојана Аралице",wikidata,M,Q1272986,way
"Стојана Аранђеловића",wikidata,M,Q455877,way
"Стојана Бошковића",wikidata,M,Q61130765,way
"Стојана Дечермића",wikidata,M,Q12759734,way
"Стојана Матића",wikidata,M,Q3741975,way
"Стојана Новаковића",wikidata,M,Q1276512,way
"Стојана Протића",wikidata,M,Q934196,way
"Стојана Столета Аранђеловића",wikidata,M,Q455877,way
"Стојана Чупића",wikidata,M,Q7618398,way
"Страхиње Петровића",wikidata,M,Q30495464,way
"Страхињића Бана",wikidata,M,Q701938,way
"Страшка Пинџура",wikidata,M,Q3397162,way
"Стјепана Љубише",wikidata,M,Q2759551,way
"Стјепана Филиповића",wikidata,M,Q458061,way
Сундечићева,wikidata,M,Q3436091,way
Тавчарева,wikidata,M,Q12789184,way
Тагореова,wikidata,M,Q7241,way
"Тадеуша Кошћушка",wikidata,M,Q191479,way
"Тадије Сондермајера",wikidata,M,Q12759881,way
"Танаска Рајића",wikidata,M,Q3029419,way
"Татар Богданова",wikidata,M,Q203808,way
"Ташка Начића",wikidata,M,Q2444210,way
"Теодора Драјзера",wikidata,M,Q486096,way
"Теодора Миријевског",wikidata,M,Q1727146,way
"Теодора Херцла",wikidata,M,Q44003,way
"Теодора Чешљара",wikidata,M,Q3518224,way
"Теодосија Хиландарца",wikidata,M,Q1561698,way
"Тибор Церне",wikidata,M,Q25464337,way
"Тибора Секеља",wikidata,M,Q10716,way
"Тимоти Џона Бајфорда",wikidata,M,Q12760072,way
"Тина Ујевића",wikidata,M,Q347643,way
Тиршова,wikidata,M,Q160021,way
Титова,wikidata,M,Q9161,way
Тицијанова,wikidata,M,Q47551,way
"Тодора Дукина",wikidata,M,Q25465088,way
"Тодора Манојловића",wikidata,M,Q12760117,way
"Тодора Павловића",wikidata,M,Q1318198,way
Толстојева,wikidata,M,Q7243,way
"Томаша Јежа",wikidata,M,Q245369,way
"Томе Здравковића",wikidata,M,Q337673,way
"Томе Максимовића",wikidata,M,Q16088240,way
"Томе Маретића",wikidata,M,Q1256156,way
"Томе Росандића",wikidata,M,Q1257146,way
"Томице Поповића",wikidata,M,Q402652,way
"Топлице Милана",wikidata,M,Q3502715,way
"Топличин венац",wikidata,M,Q3502715,way
"Тоше Јовановића",wikidata,M,Q7831011,way
"Тошин бунар",wikidata,M,Q12756198,way
Трајанова,wikidata,M,Q1425,way
"Трајка Грковића",wikidata,M,Q12760178,way
"Трајка Рајковића",wikidata,M,Q1282809,way
"Трајка Стаменковића",wikidata,M,Q12760175,way
"Трг Бранка Радичевића",wikidata,M,Q540772,way
"Трг Николе Пашића",wikidata,M,Q313843,relation+way
"Триве Витасовића",wikidata,M,Q12760221,way
"Трише Кацлеровића",wikidata,M,Q12760239,way
Трстењакова,wikidata,M,Q5242106,way
"Тулуз Лотрека",wikidata,M,Q82445,way
Тургењевљева,wikidata,M,Q42831,way
"Угриновачки пут шести део",wikidata,M,Q8109640,way
"Узун Миркова",wikidata,M,Q7905154,way
"Улофа Палмеа",wikidata,M,Q53713,way
"Уроша Кнежевића",wikidata,M,Q3552448,way
"Уроша Маровића",wikidata,M,Q1617967,way
"Уроша Предића",wikidata,M,Q225840,way
"Уроша Тројановића",wikidata,M,Q20437971,way
Фабрисова,wikidata,M,Q4777449,way
"Федерика Фелинија",wikidata,M,Q7371,way
"Феликса Каница",wikidata,M,Q84509,way
"Филипа Вишњића",wikidata,M,Q5448529,way
"Филипа Кљајића",wikidata,M,Q1563717,way
"Филипа Христића",wikidata,M,Q2758638,way
Финжгарова,wikidata,M,Q972064,way
"Франа Левстика",wikidata,M,Q15800,way
"Франца Бевка",wikidata,M,Q710497,way
"Франца Кафке",wikidata,M,Q905535,way
"Фрање Јенча",wikidata,M,Q3082465,way
"Фрање Клуза",wikidata,M,Q2614258,way
"Фрање Михалића",wikidata,M,Q1366566,way
"Фредерика Шопена",wikidata,M,Q1268,way
Хаблова,wikidata,M,Q43027,way
"Хариса Бркића",wikidata,M,Q2336936,way
"Хасана Кикића",wikidata,M,Q548147,way
"Хајдук Вељков венац",wikidata,M,Q701281,way
"Хајдук Вељкова",wikidata,M,Q701281,way
"Хајдук Вељково сокаче",wikidata,M,Q701281,way
"Хајдук Станкова",wikidata,M,Q85989430,way
"Хаџи Ђерина",wikidata,M,Q16380515,way
"Хаџи Рувимова",wikidata,M,Q13567561,way
Хаџи-Мелентијева,wikidata,M,Q10857294,way
Хаџи-Мустафина,wikidata,M,Q2900407,way
Хаџи-Проданова,wikidata,M,Q1567647,way
Хекторовићева,wikidata,M,Q1285112,way
Хемингвејева,wikidata,M,Q23434,way
"Хероја Горана Остојића",wikidata,M,Q12750308,way
"Хероја Милана Тепића",wikidata,M,Q6470722,way
"Херцега Стјепана",wikidata,M,Q1312266,way
"Хозе Мартија",wikidata,M,Q103285,way
"Хризостома Војиновића",wikidata,M,Q8111264,way
"Христифора Жефаровића",wikidata,M,Q614679,way
"Хуана Антониа Самарана",wikidata,M,Q171166,way
Хусова,wikidata,M,Q43977,way
Цамблакова,wikidata,M,Q723304,way
Цанкарева,wikidata,M,Q15809,way
"Цара Јована Црног",wikidata,M,Q872296,way
"Цара Јустинијана Првог",wikidata,M,Q41866,way
"Цара Душана",wikidata,M,Q207303,way
"Цара Ираклија",wikidata,M,Q41852,way
"Цара Лазара",wikidata,M,Q310197,way
"Цара Николаја Другог",wikidata,M,Q40787,way
"Цара Уроша",wikidata,M,Q279693,way
Цвијићева,wikidata,M,Q463896,way
"Цинцар Јанкова",wikidata,M,Q16086386,way
"Чавкетов пасаж",wikidata,M,Q65202802,way
Чардаклијина,wikidata,M,Q12290532,way
"Чарлија Чаплина",wikidata,M,Q882,way
"Чеде Миндеровића",wikidata,M,Q12761165,way
"Чеде Мијатовића",wikidata,M,Q8079697,way
"Чедомира Мирковића",wikidata,M,Q1564982,way
"Чедомира Попова",wikidata,M,Q16086372,way
"Чедомира Симића",wikidata,M,Q12761173,way
Чернишевског,wikidata,M,Q192331,way
"Чика Љубина",wikidata,M,Q162015,way
"Чика Мише Ђурића",wikidata,M,Q11023994,way
Чингријина,wikidata,M,Q12757153,way
"Чича Илијина",wikidata,M,Q540603,way
"Чиче Романијског",wikidata,M,Q4102497,way
"Чкаљино сокаче",wikidata,M,Q1283682,way
"Чолак Антина",wikidata,M,Q4419630,way
Чубрина,wikidata,M,Q928385,way
Чумићева,wikidata,M,Q12748620,way
"Шабана Бајрамовића",wikidata,M,Q278029,way
Шантићева,wikidata,M,Q1285173,way
Шафарикова,wikidata,M,Q158354,way
Шекспирова,wikidata,M,Q692,way
"Шеталиште Лазаро Карденаса",wikidata,M,Q296718,way
Шејкина,wikidata,M,Q6526516,way
Шилерова,wikidata,M,Q22670,way
Шолина,wikidata,M,Q24008638,way
Штурмова,wikidata,M,Q149281,way
Шупљикчева,wikidata,M,Q377783,way
